frequency,split,class_id,class_name,source_file
24GHz,train,0,Away,/arc/project/st-zliu-1/heqingz/datasets/domainGenDataset_core_movements/24GHz/Away/walkto13_DS.png
24GHz,train,0,Away,/arc/project/st-zliu-1/heqingz/datasets/domainGenDataset_core_movements/24GHz/Away/swalking11_DS.png
24GHz,train,0,Away,/arc/project/st-zliu-1/heqingz/datasets/domainGenDataset_core_movements/24GHz/Away/01060014_1574696370_Spec.png
24GHz,train,0,Away,/arc/project/st-zliu-1/heqingz/datasets/domainGenDataset_core_movements/24GHz/Away/01060030_1574456989_Spec.png
24GHz,train,0,Away,/arc/project/st-zliu-1/heqingz/datasets/domainGenDataset_core_movements/24GHz/Away/hwalk5_DS.png
24GHz,train,0,Away,/arc/project/st-zliu-1/heqingz/datasets/domainGenDataset_core_movements/24GHz/Away/01060030_1574194249_Spec.png
24GHz,train,0,Away,/arc/project/st-zliu-1/heqingz/datasets/domainGenDataset_core_movements/24GHz/Away/01060029_1574114809_Spec.png
24GHz,train,0,Away,/arc/project/st-zliu-1/heqingz/datasets/domainGenDataset_core_movements/24GHz/Away/zwalk4_DS.png
24GHz,train,0,Away,/arc/project/st-zliu-1/heqingz/datasets/domainGenDataset_core_movements/24GHz/Away/zwalk8_DS.png
24GHz,train,0,Away,/arc/project/st-zliu-1/heqingz/datasets/domainGenDataset_core_movements/24GHz/Away/01060010_1573837370_Spec.png
24GHz,train,0,Away,/arc/project/st-zliu-1/heqingz/datasets/domainGenDataset_core_movements/24GHz/Away/01060030_1574457116_Spec.png
24GHz,train,0,Away,/arc/project/st-zliu-1/heqingz/datasets/domainGenDataset_core_movements/24GHz/Away/01060030_1574194179_Spec.png
24GHz,train,0,Away,/arc/project/st-zliu-1/heqingz/datasets/domainGenDataset_core_movements/24GHz/Away/swalking9_DS.png
24GHz,train,0,Away,/arc/project/st-zliu-1/heqingz/datasets/domainGenDataset_core_movements/24GHz/Away/bwalk3_DS.png
24GHz,train,0,Away,/arc/project/st-zliu-1/heqingz/datasets/domainGenDataset_core_movements/24GHz/Away/mwalk9_DS.png
24GHz,train,0,Away,/arc/project/st-zliu-1/heqingz/datasets/domainGenDataset_core_movements/24GHz/Away/walkto3_DS.png
24GHz,train,0,Away,/arc/project/st-zliu-1/heqingz/datasets/domainGenDataset_core_movements/24GHz/Away/01060029_1574626614_Spec.png
24GHz,train,0,Away,/arc/project/st-zliu-1/heqingz/datasets/domainGenDataset_core_movements/24GHz/Away/walk29_DS.png
24GHz,train,0,Away,/arc/project/st-zliu-1/heqingz/datasets/domainGenDataset_core_movements/24GHz/Away/01060029_1574114789_Spec.png
24GHz,train,0,Away,/arc/project/st-zliu-1/heqingz/datasets/domainGenDataset_core_movements/24GHz/Away/swalking15_DS.png
24GHz,train,0,Away,/arc/project/st-zliu-1/heqingz/datasets/domainGenDataset_core_movements/24GHz/Away/hwalk3_DS.png
24GHz,train,0,Away,/arc/project/st-zliu-1/heqingz/datasets/domainGenDataset_core_movements/24GHz/Away/01060010_1573837135_Spec.png
24GHz,train,0,Away,/arc/project/st-zliu-1/heqingz/datasets/domainGenDataset_core_movements/24GHz/Away/zwalk12_DS.png
24GHz,train,0,Away,/arc/project/st-zliu-1/heqingz/datasets/domainGenDataset_core_movements/24GHz/Away/walkto1_DS.png
24GHz,train,0,Away,/arc/project/st-zliu-1/heqingz/datasets/domainGenDataset_core_movements/24GHz/Away/01060014_1574696490_Spec.png
24GHz,train,0,Away,/arc/project/st-zliu-1/heqingz/datasets/domainGenDataset_core_movements/24GHz/Away/swalk10_DS.png
24GHz,train,0,Away,/arc/project/st-zliu-1/heqingz/datasets/domainGenDataset_core_movements/24GHz/Away/01000000_1574696308_Spec.png
24GHz,train,0,Away,/arc/project/st-zliu-1/heqingz/datasets/domainGenDataset_core_movements/24GHz/Away/gwalk8_DS.png
24GHz,train,0,Away,/arc/project/st-zliu-1/heqingz/datasets/domainGenDataset_core_movements/24GHz/Away/swalking5_DS.png
24GHz,train,0,Away,/arc/project/st-zliu-1/heqingz/datasets/domainGenDataset_core_movements/24GHz/Away/01060029_1574626995_Spec.png
24GHz,train,0,Away,/arc/project/st-zliu-1/heqingz/datasets/domainGenDataset_core_movements/24GHz/Away/swalking14_DS.png
24GHz,train,0,Away,/arc/project/st-zliu-1/heqingz/datasets/domainGenDataset_core_movements/24GHz/Away/walk22_DS.png
24GHz,train,0,Away,/arc/project/st-zliu-1/heqingz/datasets/domainGenDataset_core_movements/24GHz/Away/swalk8_DS.png
24GHz,train,0,Away,/arc/project/st-zliu-1/heqingz/datasets/domainGenDataset_core_movements/24GHz/Away/bwalk4_DS.png
24GHz,train,0,Away,/arc/project/st-zliu-1/heqingz/datasets/domainGenDataset_core_movements/24GHz/Away/swalk7_DS.png
24GHz,train,0,Away,/arc/project/st-zliu-1/heqingz/datasets/domainGenDataset_core_movements/24GHz/Away/swalk15_DS.png
24GHz,train,0,Away,/arc/project/st-zliu-1/heqingz/datasets/domainGenDataset_core_movements/24GHz/Away/gwalk10_DS.png
24GHz,train,0,Away,/arc/project/st-zliu-1/heqingz/datasets/domainGenDataset_core_movements/24GHz/Away/01060029_1574114849_Spec.png
24GHz,train,0,Away,/arc/project/st-zliu-1/heqingz/datasets/domainGenDataset_core_movements/24GHz/Away/01060030_1574457032_Spec.png
24GHz,train,0,Away,/arc/project/st-zliu-1/heqingz/datasets/domainGenDataset_core_movements/24GHz/Away/zwalk13_DS.png
24GHz,train,0,Away,/arc/project/st-zliu-1/heqingz/datasets/domainGenDataset_core_movements/24GHz/Away/walk25_DS.png
24GHz,train,0,Away,/arc/project/st-zliu-1/heqingz/datasets/domainGenDataset_core_movements/24GHz/Away/swalking4_DS.png
24GHz,train,0,Away,/arc/project/st-zliu-1/heqingz/datasets/domainGenDataset_core_movements/24GHz/Away/01060029_1574114829_Spec.png
24GHz,train,0,Away,/arc/project/st-zliu-1/heqingz/datasets/domainGenDataset_core_movements/24GHz/Away/bwalk10_DS.png
24GHz,train,0,Away,/arc/project/st-zliu-1/heqingz/datasets/domainGenDataset_core_movements/24GHz/Away/zwalk3_DS.png
24GHz,train,0,Away,/arc/project/st-zliu-1/heqingz/datasets/domainGenDataset_core_movements/24GHz/Away/mwalk10_DS.png
24GHz,train,0,Away,/arc/project/st-zliu-1/heqingz/datasets/domainGenDataset_core_movements/24GHz/Away/01060029_1574627273_Spec.png
24GHz,train,0,Away,/arc/project/st-zliu-1/heqingz/datasets/domainGenDataset_core_movements/24GHz/Away/01060030_1574457011_Spec.png
24GHz,train,0,Away,/arc/project/st-zliu-1/heqingz/datasets/domainGenDataset_core_movements/24GHz/Away/zwalk9_DS.png
24GHz,train,0,Away,/arc/project/st-zliu-1/heqingz/datasets/domainGenDataset_core_movements/24GHz/Away/swalk3_DS.png
24GHz,train,0,Away,/arc/project/st-zliu-1/heqingz/datasets/domainGenDataset_core_movements/24GHz/Away/walk26_DS.png
24GHz,train,0,Away,/arc/project/st-zliu-1/heqingz/datasets/domainGenDataset_core_movements/24GHz/Away/mwalk7_DS.png
24GHz,train,0,Away,/arc/project/st-zliu-1/heqingz/datasets/domainGenDataset_core_movements/24GHz/Away/hwalk10_DS.png
24GHz,train,0,Away,/arc/project/st-zliu-1/heqingz/datasets/domainGenDataset_core_movements/24GHz/Away/01060030_1574456948_Spec.png
24GHz,train,0,Away,/arc/project/st-zliu-1/heqingz/datasets/domainGenDataset_core_movements/24GHz/Away/walk24_DS.png
24GHz,train,0,Away,/arc/project/st-zliu-1/heqingz/datasets/domainGenDataset_core_movements/24GHz/Away/01060030_1574194298_Spec.png
24GHz,train,0,Away,/arc/project/st-zliu-1/heqingz/datasets/domainGenDataset_core_movements/24GHz/Away/hwalk1_DS.png
24GHz,train,0,Away,/arc/project/st-zliu-1/heqingz/datasets/domainGenDataset_core_movements/24GHz/Away/01060030_1574456969_Spec.png
24GHz,train,0,Away,/arc/project/st-zliu-1/heqingz/datasets/domainGenDataset_core_movements/24GHz/Away/swalk11_DS.png
24GHz,train,0,Away,/arc/project/st-zliu-1/heqingz/datasets/domainGenDataset_core_movements/24GHz/Away/hwalk8_DS.png
24GHz,train,0,Away,/arc/project/st-zliu-1/heqingz/datasets/domainGenDataset_core_movements/24GHz/Away/01060029_1574626448_Spec.png
24GHz,train,0,Away,/arc/project/st-zliu-1/heqingz/datasets/domainGenDataset_core_movements/24GHz/Away/swalking12_DS.png
24GHz,train,0,Away,/arc/project/st-zliu-1/heqingz/datasets/domainGenDataset_core_movements/24GHz/Away/gwalk9_DS.png
24GHz,train,0,Away,/arc/project/st-zliu-1/heqingz/datasets/domainGenDataset_core_movements/24GHz/Away/01060010_1573837157_Spec.png
24GHz,train,0,Away,/arc/project/st-zliu-1/heqingz/datasets/domainGenDataset_core_movements/24GHz/Away/walkto9_DS.png
24GHz,train,0,Away,/arc/project/st-zliu-1/heqingz/datasets/domainGenDataset_core_movements/24GHz/Away/swalk5_DS.png
24GHz,train,0,Away,/arc/project/st-zliu-1/heqingz/datasets/domainGenDataset_core_movements/24GHz/Away/mwalk6_DS.png
24GHz,train,0,Away,/arc/project/st-zliu-1/heqingz/datasets/domainGenDataset_core_movements/24GHz/Away/01060030_1574457136_Spec.png
24GHz,train,0,Away,/arc/project/st-zliu-1/heqingz/datasets/domainGenDataset_core_movements/24GHz/Away/walkto15_DS.png
24GHz,train,0,Away,/arc/project/st-zliu-1/heqingz/datasets/domainGenDataset_core_movements/24GHz/Away/swalking3_DS.png
24GHz,train,0,Away,/arc/project/st-zliu-1/heqingz/datasets/domainGenDataset_core_movements/24GHz/Away/swalking2_DS.png
24GHz,train,0,Away,/arc/project/st-zliu-1/heqingz/datasets/domainGenDataset_core_movements/24GHz/Away/zwalk10_DS.png
24GHz,train,0,Away,/arc/project/st-zliu-1/heqingz/datasets/domainGenDataset_core_movements/24GHz/Away/swalk14_DS.png
24GHz,train,0,Away,/arc/project/st-zliu-1/heqingz/datasets/domainGenDataset_core_movements/24GHz/Away/01060030_1574194275_Spec.png
24GHz,train,0,Away,/arc/project/st-zliu-1/heqingz/datasets/domainGenDataset_core_movements/24GHz/Away/01060029_1574626687_Spec.png
24GHz,train,0,Away,/arc/project/st-zliu-1/heqingz/datasets/domainGenDataset_core_movements/24GHz/Away/walk27_DS.png
24GHz,train,0,Away,/arc/project/st-zliu-1/heqingz/datasets/domainGenDataset_core_movements/24GHz/Away/walkto11_DS.png
24GHz,train,0,Away,/arc/project/st-zliu-1/heqingz/datasets/domainGenDataset_core_movements/24GHz/Away/bwalk6_DS.png
24GHz,train,0,Away,/arc/project/st-zliu-1/heqingz/datasets/domainGenDataset_core_movements/24GHz/Away/bwalk9_DS.png
24GHz,train,0,Away,/arc/project/st-zliu-1/heqingz/datasets/domainGenDataset_core_movements/24GHz/Away/bwalk7_DS.png
24GHz,train,0,Away,/arc/project/st-zliu-1/heqingz/datasets/domainGenDataset_core_movements/24GHz/Away/zwalk17_DS.png
24GHz,train,0,Away,/arc/project/st-zliu-1/heqingz/datasets/domainGenDataset_core_movements/24GHz/Away/hwalk4_DS.png
24GHz,train,0,Away,/arc/project/st-zliu-1/heqingz/datasets/domainGenDataset_core_movements/24GHz/Away/01060030_1574194202_Spec.png
24GHz,train,0,Away,/arc/project/st-zliu-1/heqingz/datasets/domainGenDataset_core_movements/24GHz/Away/01060029_1574114770_Spec.png
24GHz,train,0,Away,/arc/project/st-zliu-1/heqingz/datasets/domainGenDataset_core_movements/24GHz/Away/gwalk4_DS.png
24GHz,train,0,Away,/arc/project/st-zliu-1/heqingz/datasets/domainGenDataset_core_movements/24GHz/Away/01060014_1574696394_Spec.png
24GHz,train,0,Away,/arc/project/st-zliu-1/heqingz/datasets/domainGenDataset_core_movements/24GHz/Away/gwalk3_DS.png
24GHz,train,0,Away,/arc/project/st-zliu-1/heqingz/datasets/domainGenDataset_core_movements/24GHz/Away/01060030_1574194225_Spec.png
24GHz,train,0,Away,/arc/project/st-zliu-1/heqingz/datasets/domainGenDataset_core_movements/24GHz/Away/walk23_DS.png
24GHz,train,0,Away,/arc/project/st-zliu-1/heqingz/datasets/domainGenDataset_core_movements/24GHz/Away/walk20_DS.png
24GHz,train,0,Away,/arc/project/st-zliu-1/heqingz/datasets/domainGenDataset_core_movements/24GHz/Away/01060029_1574114751_Spec.png
24GHz,train,0,Away,/arc/project/st-zliu-1/heqingz/datasets/domainGenDataset_core_movements/24GHz/Away/mwalk2_DS.png
24GHz,train,0,Away,/arc/project/st-zliu-1/heqingz/datasets/domainGenDataset_core_movements/24GHz/Away/zwalk2_DS.png
24GHz,train,0,Away,/arc/project/st-zliu-1/heqingz/datasets/domainGenDataset_core_movements/24GHz/Away/mwalk4_DS.png
24GHz,train,0,Away,/arc/project/st-zliu-1/heqingz/datasets/domainGenDataset_core_movements/24GHz/Away/swalk9_DS.png
24GHz,train,0,Away,/arc/project/st-zliu-1/heqingz/datasets/domainGenDataset_core_movements/24GHz/Away/hwalk2_DS.png
24GHz,train,0,Away,/arc/project/st-zliu-1/heqingz/datasets/domainGenDataset_core_movements/24GHz/Away/01060029_1574627087_Spec.png
24GHz,train,0,Away,/arc/project/st-zliu-1/heqingz/datasets/domainGenDataset_core_movements/24GHz/Away/walkto10_DS.png
24GHz,train,0,Away,/arc/project/st-zliu-1/heqingz/datasets/domainGenDataset_core_movements/24GHz/Away/walkto5_DS.png
24GHz,train,0,Away,/arc/project/st-zliu-1/heqingz/datasets/domainGenDataset_core_movements/24GHz/Away/01060014_1574696433_Spec.png
24GHz,train,0,Away,/arc/project/st-zliu-1/heqingz/datasets/domainGenDataset_core_movements/24GHz/Away/walk30_DS.png
24GHz,train,0,Away,/arc/project/st-zliu-1/heqingz/datasets/domainGenDataset_core_movements/24GHz/Away/walk18_DS.png
24GHz,train,0,Away,/arc/project/st-zliu-1/heqingz/datasets/domainGenDataset_core_movements/24GHz/Away/mwalk3_DS.png
24GHz,train,0,Away,/arc/project/st-zliu-1/heqingz/datasets/domainGenDataset_core_movements/24GHz/Away/swalking1_DS.png
24GHz,train,0,Away,/arc/project/st-zliu-1/heqingz/datasets/domainGenDataset_core_movements/24GHz/Away/01060030_1574457052_Spec.png
24GHz,train,0,Away,/arc/project/st-zliu-1/heqingz/datasets/domainGenDataset_core_movements/24GHz/Away/01060029_1574115098_Spec.png
24GHz,train,0,Away,/arc/project/st-zliu-1/heqingz/datasets/domainGenDataset_core_movements/24GHz/Away/walk19_DS.png
24GHz,train,0,Away,/arc/project/st-zliu-1/heqingz/datasets/domainGenDataset_core_movements/24GHz/Away/swalking6_DS.png
24GHz,train,0,Away,/arc/project/st-zliu-1/heqingz/datasets/domainGenDataset_core_movements/24GHz/Away/walkto4_DS.png
24GHz,train,0,Away,/arc/project/st-zliu-1/heqingz/datasets/domainGenDataset_core_movements/24GHz/Away/bwalk1_DS.png
24GHz,train,0,Away,/arc/project/st-zliu-1/heqingz/datasets/domainGenDataset_core_movements/24GHz/Away/01060030_1574194391_Spec.png
24GHz,train,0,Away,/arc/project/st-zliu-1/heqingz/datasets/domainGenDataset_core_movements/24GHz/Away/01060014_1574696413_Spec.png
24GHz,train,0,Away,/arc/project/st-zliu-1/heqingz/datasets/domainGenDataset_core_movements/24GHz/Away/01060029_1574627068_Spec.png
24GHz,train,0,Away,/arc/project/st-zliu-1/heqingz/datasets/domainGenDataset_core_movements/24GHz/Away/01060030_1574194369_Spec.png
24GHz,train,0,Away,/arc/project/st-zliu-1/heqingz/datasets/domainGenDataset_core_movements/24GHz/Away/bwalk13_DS.png
24GHz,train,0,Away,/arc/project/st-zliu-1/heqingz/datasets/domainGenDataset_core_movements/24GHz/Away/walkto7_DS.png
24GHz,train,0,Away,/arc/project/st-zliu-1/heqingz/datasets/domainGenDataset_core_movements/24GHz/Away/01060014_1574696452_Spec.png
24GHz,train,0,Away,/arc/project/st-zliu-1/heqingz/datasets/domainGenDataset_core_movements/24GHz/Away/bwalk15_DS.png
24GHz,train,0,Away,/arc/project/st-zliu-1/heqingz/datasets/domainGenDataset_core_movements/24GHz/Away/swalk12_DS.png
24GHz,train,0,Away,/arc/project/st-zliu-1/heqingz/datasets/domainGenDataset_core_movements/24GHz/Away/01060010_1573837114_Spec.png
24GHz,train,0,Away,/arc/project/st-zliu-1/heqingz/datasets/domainGenDataset_core_movements/24GHz/Away/01060029_1574627128_Spec.png
24GHz,train,0,Away,/arc/project/st-zliu-1/heqingz/datasets/domainGenDataset_core_movements/24GHz/Away/walk17_DS.png
24GHz,train,0,Away,/arc/project/st-zliu-1/heqingz/datasets/domainGenDataset_core_movements/24GHz/Away/01060030_1574194345_Spec.png
24GHz,train,0,Away,/arc/project/st-zliu-1/heqingz/datasets/domainGenDataset_core_movements/24GHz/Away/walk16_DS.png
24GHz,train,0,Away,/arc/project/st-zliu-1/heqingz/datasets/domainGenDataset_core_movements/24GHz/Away/gwalk5_DS.png
24GHz,train,0,Away,/arc/project/st-zliu-1/heqingz/datasets/domainGenDataset_core_movements/24GHz/Away/swalking8_DS.png
24GHz,train,0,Away,/arc/project/st-zliu-1/heqingz/datasets/domainGenDataset_core_movements/24GHz/Away/01060030_1574457095_Spec.png
24GHz,val,0,Away,/arc/project/st-zliu-1/heqingz/datasets/domainGenDataset_core_movements/24GHz/Away/01060010_1573837254_Spec.png
24GHz,val,0,Away,/arc/project/st-zliu-1/heqingz/datasets/domainGenDataset_core_movements/24GHz/Away/01060029_1574115022_Spec.png
24GHz,val,0,Away,/arc/project/st-zliu-1/heqingz/datasets/domainGenDataset_core_movements/24GHz/Away/zwalk14_DS.png
24GHz,val,0,Away,/arc/project/st-zliu-1/heqingz/datasets/domainGenDataset_core_movements/24GHz/Away/swalk1_DS.png
24GHz,val,0,Away,/arc/project/st-zliu-1/heqingz/datasets/domainGenDataset_core_movements/24GHz/Away/01060014_1574696344_Spec.png
24GHz,val,0,Away,/arc/project/st-zliu-1/heqingz/datasets/domainGenDataset_core_movements/24GHz/Away/zwalk20_DS.png
24GHz,val,0,Away,/arc/project/st-zliu-1/heqingz/datasets/domainGenDataset_core_movements/24GHz/Away/swalking13_DS.png
24GHz,val,0,Away,/arc/project/st-zliu-1/heqingz/datasets/domainGenDataset_core_movements/24GHz/Away/gwalk6_DS.png
24GHz,val,0,Away,/arc/project/st-zliu-1/heqingz/datasets/domainGenDataset_core_movements/24GHz/Away/01060029_1574114725_Spec.png
24GHz,val,0,Away,/arc/project/st-zliu-1/heqingz/datasets/domainGenDataset_core_movements/24GHz/Away/walkto8_DS.png
24GHz,val,0,Away,/arc/project/st-zliu-1/heqingz/datasets/domainGenDataset_core_movements/24GHz/Away/zwalk6_DS.png
24GHz,val,0,Away,/arc/project/st-zliu-1/heqingz/datasets/domainGenDataset_core_movements/24GHz/Away/hwalk9_DS.png
24GHz,val,0,Away,/arc/project/st-zliu-1/heqingz/datasets/domainGenDataset_core_movements/24GHz/Away/walkto14_DS.png
24GHz,val,0,Away,/arc/project/st-zliu-1/heqingz/datasets/domainGenDataset_core_movements/24GHz/Away/01060014_1574696470_Spec.png
24GHz,val,0,Away,/arc/project/st-zliu-1/heqingz/datasets/domainGenDataset_core_movements/24GHz/Away/swalk6_DS.png
24GHz,val,0,Away,/arc/project/st-zliu-1/heqingz/datasets/domainGenDataset_core_movements/24GHz/Away/zwalk19_DS.png
24GHz,val,0,Away,/arc/project/st-zliu-1/heqingz/datasets/domainGenDataset_core_movements/24GHz/Away/gwalk2_DS.png
24GHz,val,0,Away,/arc/project/st-zliu-1/heqingz/datasets/domainGenDataset_core_movements/24GHz/Away/zwalk15_DS.png
24GHz,val,0,Away,/arc/project/st-zliu-1/heqingz/datasets/domainGenDataset_core_movements/24GHz/Away/mwalk8_DS.png
24GHz,test,0,Away,/arc/project/st-zliu-1/heqingz/datasets/domainGenDataset_core_movements/24GHz/Away/mwalk1_DS.png
24GHz,test,0,Away,/arc/project/st-zliu-1/heqingz/datasets/domainGenDataset_core_movements/24GHz/Away/01060029_1574114705_Spec.png
24GHz,test,0,Away,/arc/project/st-zliu-1/heqingz/datasets/domainGenDataset_core_movements/24GHz/Away/01060029_1574627039_Spec.png
24GHz,test,0,Away,/arc/project/st-zliu-1/heqingz/datasets/domainGenDataset_core_movements/24GHz/Away/mwalk5_DS.png
24GHz,test,0,Away,/arc/project/st-zliu-1/heqingz/datasets/domainGenDataset_core_movements/24GHz/Away/zwalk1_DS.png
24GHz,test,0,Away,/arc/project/st-zliu-1/heqingz/datasets/domainGenDataset_core_movements/24GHz/Away/zwalk16_DS.png
24GHz,test,0,Away,/arc/project/st-zliu-1/heqingz/datasets/domainGenDataset_core_movements/24GHz/Away/01060010_1573837276_Spec.png
24GHz,test,0,Away,/arc/project/st-zliu-1/heqingz/datasets/domainGenDataset_core_movements/24GHz/Away/walk21_DS.png
24GHz,test,0,Away,/arc/project/st-zliu-1/heqingz/datasets/domainGenDataset_core_movements/24GHz/Away/bwalk12_DS.png
24GHz,test,0,Away,/arc/project/st-zliu-1/heqingz/datasets/domainGenDataset_core_movements/24GHz/Away/gwalk1_DS.png
24GHz,test,0,Away,/arc/project/st-zliu-1/heqingz/datasets/domainGenDataset_core_movements/24GHz/Away/01060010_1573837204_Spec.png
24GHz,test,0,Away,/arc/project/st-zliu-1/heqingz/datasets/domainGenDataset_core_movements/24GHz/Away/swalk4_DS.png
24GHz,test,0,Away,/arc/project/st-zliu-1/heqingz/datasets/domainGenDataset_core_movements/24GHz/Away/zwalk5_DS.png
24GHz,test,0,Away,/arc/project/st-zliu-1/heqingz/datasets/domainGenDataset_core_movements/24GHz/Away/swalking7_DS.png
24GHz,test,0,Away,/arc/project/st-zliu-1/heqingz/datasets/domainGenDataset_core_movements/24GHz/Away/zwalk11_DS.png
24GHz,test,0,Away,/arc/project/st-zliu-1/heqingz/datasets/domainGenDataset_core_movements/24GHz/Away/walkto12_DS.png
24GHz,test,0,Away,/arc/project/st-zliu-1/heqingz/datasets/domainGenDataset_core_movements/24GHz/Away/swalking10_DS.png
24GHz,test,0,Away,/arc/project/st-zliu-1/heqingz/datasets/domainGenDataset_core_movements/24GHz/Away/swalk13_DS.png
24GHz,test,0,Away,/arc/project/st-zliu-1/heqingz/datasets/domainGenDataset_core_movements/24GHz/Away/gwalk7_DS.png
24GHz,test,0,Away,/arc/project/st-zliu-1/heqingz/datasets/domainGenDataset_core_movements/24GHz/Away/walkto2_DS.png
24GHz,test,0,Away,/arc/project/st-zliu-1/heqingz/datasets/domainGenDataset_core_movements/24GHz/Away/bwalk8_DS.png
24GHz,test,0,Away,/arc/project/st-zliu-1/heqingz/datasets/domainGenDataset_core_movements/24GHz/Away/01060030_1574457074_Spec.png
24GHz,test,0,Away,/arc/project/st-zliu-1/heqingz/datasets/domainGenDataset_core_movements/24GHz/Away/01060029_1574627154_Spec.png
24GHz,test,0,Away,/arc/project/st-zliu-1/heqingz/datasets/domainGenDataset_core_movements/24GHz/Away/walk28_DS.png
24GHz,test,0,Away,/arc/project/st-zliu-1/heqingz/datasets/domainGenDataset_core_movements/24GHz/Away/01060010_1573837181_Spec.png
24GHz,test,0,Away,/arc/project/st-zliu-1/heqingz/datasets/domainGenDataset_core_movements/24GHz/Away/bwalk2_DS.png
24GHz,test,0,Away,/arc/project/st-zliu-1/heqingz/datasets/domainGenDataset_core_movements/24GHz/Away/hwalk7_DS.png
24GHz,test,0,Away,/arc/project/st-zliu-1/heqingz/datasets/domainGenDataset_core_movements/24GHz/Away/zwalk7_DS.png
24GHz,test,0,Away,/arc/project/st-zliu-1/heqingz/datasets/domainGenDataset_core_movements/24GHz/Away/01060030_1574194323_Spec.png
24GHz,test,0,Away,/arc/project/st-zliu-1/heqingz/datasets/domainGenDataset_core_movements/24GHz/Away/hwalk6_DS.png
24GHz,test,0,Away,/arc/project/st-zliu-1/heqingz/datasets/domainGenDataset_core_movements/24GHz/Away/swalk2_DS.png
24GHz,test,0,Away,/arc/project/st-zliu-1/heqingz/datasets/domainGenDataset_core_movements/24GHz/Away/bwalk14_DS.png
24GHz,test,0,Away,/arc/project/st-zliu-1/heqingz/datasets/domainGenDataset_core_movements/24GHz/Away/01060029_1574114867_Spec.png
24GHz,test,0,Away,/arc/project/st-zliu-1/heqingz/datasets/domainGenDataset_core_movements/24GHz/Away/bwalk11_DS.png
24GHz,test,0,Away,/arc/project/st-zliu-1/heqingz/datasets/domainGenDataset_core_movements/24GHz/Away/zwalk18_DS.png
24GHz,test,0,Away,/arc/project/st-zliu-1/heqingz/datasets/domainGenDataset_core_movements/24GHz/Away/walkto6_DS.png
24GHz,test,0,Away,/arc/project/st-zliu-1/heqingz/datasets/domainGenDataset_core_movements/24GHz/Away/01060010_1573837305_Spec.png
24GHz,train,1,Bend,/arc/project/st-zliu-1/heqingz/datasets/domainGenDataset_core_movements/24GHz/Bend/01080029_1574627811_Spec.png
24GHz,train,1,Bend,/arc/project/st-zliu-1/heqingz/datasets/domainGenDataset_core_movements/24GHz/Bend/01080029_1574627935_Spec.png
24GHz,train,1,Bend,/arc/project/st-zliu-1/heqingz/datasets/domainGenDataset_core_movements/24GHz/Bend/01080014_1574696820_Spec.png
24GHz,train,1,Bend,/arc/project/st-zliu-1/heqingz/datasets/domainGenDataset_core_movements/24GHz/Bend/01080010_1573837944_Spec.png
24GHz,train,1,Bend,/arc/project/st-zliu-1/heqingz/datasets/domainGenDataset_core_movements/24GHz/Bend/01080029_1574115435_Spec.png
24GHz,train,1,Bend,/arc/project/st-zliu-1/heqingz/datasets/domainGenDataset_core_movements/24GHz/Bend/01080014_1574696876_Spec.png
24GHz,train,1,Bend,/arc/project/st-zliu-1/heqingz/datasets/domainGenDataset_core_movements/24GHz/Bend/01080029_1574628060_Spec.png
24GHz,train,1,Bend,/arc/project/st-zliu-1/heqingz/datasets/domainGenDataset_core_movements/24GHz/Bend/01080014_1574696894_Spec.png
24GHz,train,1,Bend,/arc/project/st-zliu-1/heqingz/datasets/domainGenDataset_core_movements/24GHz/Bend/01080029_1574627879_Spec.png
24GHz,train,1,Bend,/arc/project/st-zliu-1/heqingz/datasets/domainGenDataset_core_movements/24GHz/Bend/01080014_1574696856_Spec.png
24GHz,train,1,Bend,/arc/project/st-zliu-1/heqingz/datasets/domainGenDataset_core_movements/24GHz/Bend/01080030_1574195019_Spec.png
24GHz,train,1,Bend,/arc/project/st-zliu-1/heqingz/datasets/domainGenDataset_core_movements/24GHz/Bend/01080010_1573837767_Spec.png
24GHz,train,1,Bend,/arc/project/st-zliu-1/heqingz/datasets/domainGenDataset_core_movements/24GHz/Bend/01080010_1573837785_Spec.png
24GHz,train,1,Bend,/arc/project/st-zliu-1/heqingz/datasets/domainGenDataset_core_movements/24GHz/Bend/01080030_1574458114_Spec.png
24GHz,train,1,Bend,/arc/project/st-zliu-1/heqingz/datasets/domainGenDataset_core_movements/24GHz/Bend/01080014_1574696801_Spec.png
24GHz,train,1,Bend,/arc/project/st-zliu-1/heqingz/datasets/domainGenDataset_core_movements/24GHz/Bend/01080029_1574627793_Spec.png
24GHz,train,1,Bend,/arc/project/st-zliu-1/heqingz/datasets/domainGenDataset_core_movements/24GHz/Bend/01080014_1574696914_Spec.png
24GHz,train,1,Bend,/arc/project/st-zliu-1/heqingz/datasets/domainGenDataset_core_movements/24GHz/Bend/01080014_1574696941_Spec.png
24GHz,train,1,Bend,/arc/project/st-zliu-1/heqingz/datasets/domainGenDataset_core_movements/24GHz/Bend/01080029_1574115463_Spec.png
24GHz,train,1,Bend,/arc/project/st-zliu-1/heqingz/datasets/domainGenDataset_core_movements/24GHz/Bend/01080030_1574194941_Spec.png
24GHz,train,1,Bend,/arc/project/st-zliu-1/heqingz/datasets/domainGenDataset_core_movements/24GHz/Bend/01080010_1573837748_Spec.png
24GHz,train,1,Bend,/arc/project/st-zliu-1/heqingz/datasets/domainGenDataset_core_movements/24GHz/Bend/01080029_1574115619_Spec.png
24GHz,train,1,Bend,/arc/project/st-zliu-1/heqingz/datasets/domainGenDataset_core_movements/24GHz/Bend/01080029_1574628005_Spec.png
24GHz,train,1,Bend,/arc/project/st-zliu-1/heqingz/datasets/domainGenDataset_core_movements/24GHz/Bend/01080010_1573837803_Spec.png
24GHz,train,1,Bend,/arc/project/st-zliu-1/heqingz/datasets/domainGenDataset_core_movements/24GHz/Bend/01080029_1574115561_Spec.png
24GHz,train,1,Bend,/arc/project/st-zliu-1/heqingz/datasets/domainGenDataset_core_movements/24GHz/Bend/01080029_1574627830_Spec.png
24GHz,train,1,Bend,/arc/project/st-zliu-1/heqingz/datasets/domainGenDataset_core_movements/24GHz/Bend/01080029_1574115504_Spec.png
24GHz,train,1,Bend,/arc/project/st-zliu-1/heqingz/datasets/domainGenDataset_core_movements/24GHz/Bend/01080030_1574195000_Spec.png
24GHz,train,1,Bend,/arc/project/st-zliu-1/heqingz/datasets/domainGenDataset_core_movements/24GHz/Bend/01080030_1574195059_Spec.png
24GHz,train,1,Bend,/arc/project/st-zliu-1/heqingz/datasets/domainGenDataset_core_movements/24GHz/Bend/01080014_1574696766_Spec.png
24GHz,train,1,Bend,/arc/project/st-zliu-1/heqingz/datasets/domainGenDataset_core_movements/24GHz/Bend/01080030_1574458043_Spec.png
24GHz,train,1,Bend,/arc/project/st-zliu-1/heqingz/datasets/domainGenDataset_core_movements/24GHz/Bend/01080030_1574458060_Spec.png
24GHz,train,1,Bend,/arc/project/st-zliu-1/heqingz/datasets/domainGenDataset_core_movements/24GHz/Bend/01080029_1574115601_Spec.png
24GHz,train,1,Bend,/arc/project/st-zliu-1/heqingz/datasets/domainGenDataset_core_movements/24GHz/Bend/01080010_1573837689_Spec.png
24GHz,train,1,Bend,/arc/project/st-zliu-1/heqingz/datasets/domainGenDataset_core_movements/24GHz/Bend/01080030_1574194962_Spec.png
24GHz,train,1,Bend,/arc/project/st-zliu-1/heqingz/datasets/domainGenDataset_core_movements/24GHz/Bend/01080030_1574458096_Spec.png
24GHz,train,1,Bend,/arc/project/st-zliu-1/heqingz/datasets/domainGenDataset_core_movements/24GHz/Bend/01080030_1574194692_Spec.png
24GHz,train,1,Bend,/arc/project/st-zliu-1/heqingz/datasets/domainGenDataset_core_movements/24GHz/Bend/01080029_1574115523_Spec.png
24GHz,train,1,Bend,/arc/project/st-zliu-1/heqingz/datasets/domainGenDataset_core_movements/24GHz/Bend/01080030_1574458011_Spec.png
24GHz,train,1,Bend,/arc/project/st-zliu-1/heqingz/datasets/domainGenDataset_core_movements/24GHz/Bend/01080030_1574458078_Spec.png
24GHz,train,1,Bend,/arc/project/st-zliu-1/heqingz/datasets/domainGenDataset_core_movements/24GHz/Bend/01080030_1574457991_Spec.png
24GHz,train,1,Bend,/arc/project/st-zliu-1/heqingz/datasets/domainGenDataset_core_movements/24GHz/Bend/01080030_1574458157_Spec.png
24GHz,val,1,Bend,/arc/project/st-zliu-1/heqingz/datasets/domainGenDataset_core_movements/24GHz/Bend/01080010_1573837822_Spec.png
24GHz,val,1,Bend,/arc/project/st-zliu-1/heqingz/datasets/domainGenDataset_core_movements/24GHz/Bend/01080029_1574627986_Spec.png
24GHz,val,1,Bend,/arc/project/st-zliu-1/heqingz/datasets/domainGenDataset_core_movements/24GHz/Bend/01080029_1574627848_Spec.png
24GHz,val,1,Bend,/arc/project/st-zliu-1/heqingz/datasets/domainGenDataset_core_movements/24GHz/Bend/01080010_1573837709_Spec.png
24GHz,val,1,Bend,/arc/project/st-zliu-1/heqingz/datasets/domainGenDataset_core_movements/24GHz/Bend/01080014_1574696838_Spec.png
24GHz,val,1,Bend,/arc/project/st-zliu-1/heqingz/datasets/domainGenDataset_core_movements/24GHz/Bend/01080030_1574194982_Spec.png
24GHz,val,1,Bend,/arc/project/st-zliu-1/heqingz/datasets/domainGenDataset_core_movements/24GHz/Bend/01080010_1573837916_Spec.png
24GHz,test,1,Bend,/arc/project/st-zliu-1/heqingz/datasets/domainGenDataset_core_movements/24GHz/Bend/01080029_1574115481_Spec.png
24GHz,test,1,Bend,/arc/project/st-zliu-1/heqingz/datasets/domainGenDataset_core_movements/24GHz/Bend/01080030_1574457972_Spec.png
24GHz,test,1,Bend,/arc/project/st-zliu-1/heqingz/datasets/domainGenDataset_core_movements/24GHz/Bend/01080029_1574628024_Spec.png
24GHz,test,1,Bend,/arc/project/st-zliu-1/heqingz/datasets/domainGenDataset_core_movements/24GHz/Bend/01080029_1574115541_Spec.png
24GHz,test,1,Bend,/arc/project/st-zliu-1/heqingz/datasets/domainGenDataset_core_movements/24GHz/Bend/01080010_1573837729_Spec.png
24GHz,test,1,Bend,/arc/project/st-zliu-1/heqingz/datasets/domainGenDataset_core_movements/24GHz/Bend/01080030_1574194651_Spec.png
24GHz,test,1,Bend,/arc/project/st-zliu-1/heqingz/datasets/domainGenDataset_core_movements/24GHz/Bend/01080030_1574458139_Spec.png
24GHz,test,1,Bend,/arc/project/st-zliu-1/heqingz/datasets/domainGenDataset_core_movements/24GHz/Bend/01080030_1574195038_Spec.png
24GHz,test,1,Bend,/arc/project/st-zliu-1/heqingz/datasets/domainGenDataset_core_movements/24GHz/Bend/01080029_1574627955_Spec.png
24GHz,test,1,Bend,/arc/project/st-zliu-1/heqingz/datasets/domainGenDataset_core_movements/24GHz/Bend/01080030_1574194713_Spec.png
24GHz,test,1,Bend,/arc/project/st-zliu-1/heqingz/datasets/domainGenDataset_core_movements/24GHz/Bend/01080030_1574194672_Spec.png
24GHz,test,1,Bend,/arc/project/st-zliu-1/heqingz/datasets/domainGenDataset_core_movements/24GHz/Bend/01080029_1574628042_Spec.png
24GHz,test,1,Bend,/arc/project/st-zliu-1/heqingz/datasets/domainGenDataset_core_movements/24GHz/Bend/01080029_1574115580_Spec.png
24GHz,train,2,Kneel,/arc/project/st-zliu-1/heqingz/datasets/domainGenDataset_core_movements/24GHz/Kneel/01100030_1574458974_Spec.png
24GHz,train,2,Kneel,/arc/project/st-zliu-1/heqingz/datasets/domainGenDataset_core_movements/24GHz/Kneel/01100030_1574195597_Spec.png
24GHz,train,2,Kneel,/arc/project/st-zliu-1/heqingz/datasets/domainGenDataset_core_movements/24GHz/Kneel/01100030_1574459016_Spec.png
24GHz,train,2,Kneel,/arc/project/st-zliu-1/heqingz/datasets/domainGenDataset_core_movements/24GHz/Kneel/01100029_1574628579_Spec.png
24GHz,train,2,Kneel,/arc/project/st-zliu-1/heqingz/datasets/domainGenDataset_core_movements/24GHz/Kneel/01100029_1574116046_Spec.png
24GHz,train,2,Kneel,/arc/project/st-zliu-1/heqingz/datasets/domainGenDataset_core_movements/24GHz/Kneel/01100010_1573838508_Spec.png
24GHz,train,2,Kneel,/arc/project/st-zliu-1/heqingz/datasets/domainGenDataset_core_movements/24GHz/Kneel/01100029_1574628503_Spec.png
24GHz,train,2,Kneel,/arc/project/st-zliu-1/heqingz/datasets/domainGenDataset_core_movements/24GHz/Kneel/01100030_1574458902_Spec.png
24GHz,train,2,Kneel,/arc/project/st-zliu-1/heqingz/datasets/domainGenDataset_core_movements/24GHz/Kneel/01100014_1574698089_Spec.png
24GHz,train,2,Kneel,/arc/project/st-zliu-1/heqingz/datasets/domainGenDataset_core_movements/24GHz/Kneel/01100014_1574698185_Spec.png
24GHz,train,2,Kneel,/arc/project/st-zliu-1/heqingz/datasets/domainGenDataset_core_movements/24GHz/Kneel/01100029_1574628616_Spec.png
24GHz,train,2,Kneel,/arc/project/st-zliu-1/heqingz/datasets/domainGenDataset_core_movements/24GHz/Kneel/01100029_1574115915_Spec.png
24GHz,train,2,Kneel,/arc/project/st-zliu-1/heqingz/datasets/domainGenDataset_core_movements/24GHz/Kneel/01100029_1574116103_Spec.png
24GHz,train,2,Kneel,/arc/project/st-zliu-1/heqingz/datasets/domainGenDataset_core_movements/24GHz/Kneel/01100010_1573838489_Spec.png
24GHz,train,2,Kneel,/arc/project/st-zliu-1/heqingz/datasets/domainGenDataset_core_movements/24GHz/Kneel/01100030_1574458850_Spec.png
24GHz,train,2,Kneel,/arc/project/st-zliu-1/heqingz/datasets/domainGenDataset_core_movements/24GHz/Kneel/01100014_1574698031_Spec.png
24GHz,train,2,Kneel,/arc/project/st-zliu-1/heqingz/datasets/domainGenDataset_core_movements/24GHz/Kneel/01100030_1574195482_Spec.png
24GHz,train,2,Kneel,/arc/project/st-zliu-1/heqingz/datasets/domainGenDataset_core_movements/24GHz/Kneel/01100014_1574698222_Spec.png
24GHz,train,2,Kneel,/arc/project/st-zliu-1/heqingz/datasets/domainGenDataset_core_movements/24GHz/Kneel/01100010_1573838526_Spec.png
24GHz,train,2,Kneel,/arc/project/st-zliu-1/heqingz/datasets/domainGenDataset_core_movements/24GHz/Kneel/01100030_1574195557_Spec.png
24GHz,train,2,Kneel,/arc/project/st-zliu-1/heqingz/datasets/domainGenDataset_core_movements/24GHz/Kneel/01100014_1574698108_Spec.png
24GHz,train,2,Kneel,/arc/project/st-zliu-1/heqingz/datasets/domainGenDataset_core_movements/24GHz/Kneel/01100030_1574195520_Spec.png
24GHz,train,2,Kneel,/arc/project/st-zliu-1/heqingz/datasets/domainGenDataset_core_movements/24GHz/Kneel/01100010_1573838467_Spec.png
24GHz,train,2,Kneel,/arc/project/st-zliu-1/heqingz/datasets/domainGenDataset_core_movements/24GHz/Kneel/01100029_1574628598_Spec.png
24GHz,train,2,Kneel,/arc/project/st-zliu-1/heqingz/datasets/domainGenDataset_core_movements/24GHz/Kneel/01100029_1574628652_Spec.png
24GHz,train,2,Kneel,/arc/project/st-zliu-1/heqingz/datasets/domainGenDataset_core_movements/24GHz/Kneel/01100029_1574628522_Spec.png
24GHz,train,2,Kneel,/arc/project/st-zliu-1/heqingz/datasets/domainGenDataset_core_movements/24GHz/Kneel/01100029_1574116027_Spec.png
24GHz,train,2,Kneel,/arc/project/st-zliu-1/heqingz/datasets/domainGenDataset_core_movements/24GHz/Kneel/01100029_1574628634_Spec.png
24GHz,train,2,Kneel,/arc/project/st-zliu-1/heqingz/datasets/domainGenDataset_core_movements/24GHz/Kneel/01100014_1574698203_Spec.png
24GHz,train,2,Kneel,/arc/project/st-zliu-1/heqingz/datasets/domainGenDataset_core_movements/24GHz/Kneel/01100014_1574698067_Spec.png
24GHz,train,2,Kneel,/arc/project/st-zliu-1/heqingz/datasets/domainGenDataset_core_movements/24GHz/Kneel/01100030_1574195539_Spec.png
24GHz,train,2,Kneel,/arc/project/st-zliu-1/heqingz/datasets/domainGenDataset_core_movements/24GHz/Kneel/01100029_1574116141_Spec.png
24GHz,train,2,Kneel,/arc/project/st-zliu-1/heqingz/datasets/domainGenDataset_core_movements/24GHz/Kneel/01100030_1574458956_Spec.png
24GHz,train,2,Kneel,/arc/project/st-zliu-1/heqingz/datasets/domainGenDataset_core_movements/24GHz/Kneel/01100014_1574698146_Spec.png
24GHz,train,2,Kneel,/arc/project/st-zliu-1/heqingz/datasets/domainGenDataset_core_movements/24GHz/Kneel/01100010_1573838430_Spec.png
24GHz,train,2,Kneel,/arc/project/st-zliu-1/heqingz/datasets/domainGenDataset_core_movements/24GHz/Kneel/01100030_1574195442_Spec.png
24GHz,train,2,Kneel,/arc/project/st-zliu-1/heqingz/datasets/domainGenDataset_core_movements/24GHz/Kneel/01100014_1574698165_Spec.png
24GHz,train,2,Kneel,/arc/project/st-zliu-1/heqingz/datasets/domainGenDataset_core_movements/24GHz/Kneel/01100030_1574458991_Spec.png
24GHz,train,2,Kneel,/arc/project/st-zliu-1/heqingz/datasets/domainGenDataset_core_movements/24GHz/Kneel/01100030_1574195462_Spec.png
24GHz,train,2,Kneel,/arc/project/st-zliu-1/heqingz/datasets/domainGenDataset_core_movements/24GHz/Kneel/01100010_1573838603_Spec.png
24GHz,train,2,Kneel,/arc/project/st-zliu-1/heqingz/datasets/domainGenDataset_core_movements/24GHz/Kneel/01100010_1573838584_Spec.png
24GHz,train,2,Kneel,/arc/project/st-zliu-1/heqingz/datasets/domainGenDataset_core_movements/24GHz/Kneel/01100010_1573838544_Spec.png
24GHz,train,2,Kneel,/arc/project/st-zliu-1/heqingz/datasets/domainGenDataset_core_movements/24GHz/Kneel/01100014_1574698127_Spec.png
24GHz,train,2,Kneel,/arc/project/st-zliu-1/heqingz/datasets/domainGenDataset_core_movements/24GHz/Kneel/01100029_1574116064_Spec.png
24GHz,val,2,Kneel,/arc/project/st-zliu-1/heqingz/datasets/domainGenDataset_core_movements/24GHz/Kneel/01100030_1574458884_Spec.png
24GHz,val,2,Kneel,/arc/project/st-zliu-1/heqingz/datasets/domainGenDataset_core_movements/24GHz/Kneel/01100030_1574195423_Spec.png
24GHz,val,2,Kneel,/arc/project/st-zliu-1/heqingz/datasets/domainGenDataset_core_movements/24GHz/Kneel/01100030_1574458920_Spec.png
24GHz,val,2,Kneel,/arc/project/st-zliu-1/heqingz/datasets/domainGenDataset_core_movements/24GHz/Kneel/01100030_1574458866_Spec.png
24GHz,val,2,Kneel,/arc/project/st-zliu-1/heqingz/datasets/domainGenDataset_core_movements/24GHz/Kneel/01100010_1573838448_Spec.png
24GHz,val,2,Kneel,/arc/project/st-zliu-1/heqingz/datasets/domainGenDataset_core_movements/24GHz/Kneel/01100010_1573838564_Spec.png
24GHz,val,2,Kneel,/arc/project/st-zliu-1/heqingz/datasets/domainGenDataset_core_movements/24GHz/Kneel/01100029_1574116001_Spec.png
24GHz,test,2,Kneel,/arc/project/st-zliu-1/heqingz/datasets/domainGenDataset_core_movements/24GHz/Kneel/01100029_1574628560_Spec.png
24GHz,test,2,Kneel,/arc/project/st-zliu-1/heqingz/datasets/domainGenDataset_core_movements/24GHz/Kneel/01100010_1573838384_Spec.png
24GHz,test,2,Kneel,/arc/project/st-zliu-1/heqingz/datasets/domainGenDataset_core_movements/24GHz/Kneel/01100030_1574195578_Spec.png
24GHz,test,2,Kneel,/arc/project/st-zliu-1/heqingz/datasets/domainGenDataset_core_movements/24GHz/Kneel/01100030_1574458938_Spec.png
24GHz,test,2,Kneel,/arc/project/st-zliu-1/heqingz/datasets/domainGenDataset_core_movements/24GHz/Kneel/01100029_1574115983_Spec.png
24GHz,test,2,Kneel,/arc/project/st-zliu-1/heqingz/datasets/domainGenDataset_core_movements/24GHz/Kneel/01100030_1574195802_Spec.png
24GHz,test,2,Kneel,/arc/project/st-zliu-1/heqingz/datasets/domainGenDataset_core_movements/24GHz/Kneel/01100029_1574628541_Spec.png
24GHz,test,2,Kneel,/arc/project/st-zliu-1/heqingz/datasets/domainGenDataset_core_movements/24GHz/Kneel/01100029_1574116083_Spec.png
24GHz,test,2,Kneel,/arc/project/st-zliu-1/heqingz/datasets/domainGenDataset_core_movements/24GHz/Kneel/01100030_1574195822_Spec.png
24GHz,test,2,Kneel,/arc/project/st-zliu-1/heqingz/datasets/domainGenDataset_core_movements/24GHz/Kneel/01100029_1574628484_Spec.png
24GHz,test,2,Kneel,/arc/project/st-zliu-1/heqingz/datasets/domainGenDataset_core_movements/24GHz/Kneel/01100010_1573838410_Spec.png
24GHz,test,2,Kneel,/arc/project/st-zliu-1/heqingz/datasets/domainGenDataset_core_movements/24GHz/Kneel/01100029_1574116122_Spec.png
24GHz,test,2,Kneel,/arc/project/st-zliu-1/heqingz/datasets/domainGenDataset_core_movements/24GHz/Kneel/01100030_1574195502_Spec.png
24GHz,train,3,Pick,/arc/project/st-zliu-1/heqingz/datasets/domainGenDataset_core_movements/24GHz/Pick/01070010_1573837531_Spec.png
24GHz,train,3,Pick,/arc/project/st-zliu-1/heqingz/datasets/domainGenDataset_core_movements/24GHz/Pick/01070029_1574115244_Spec.png
24GHz,train,3,Pick,/arc/project/st-zliu-1/heqingz/datasets/domainGenDataset_core_movements/24GHz/Pick/01070029_1574115196_Spec.png
24GHz,train,3,Pick,/arc/project/st-zliu-1/heqingz/datasets/domainGenDataset_core_movements/24GHz/Pick/01070010_1573837550_Spec.png
24GHz,train,3,Pick,/arc/project/st-zliu-1/heqingz/datasets/domainGenDataset_core_movements/24GHz/Pick/01070029_1574115138_Spec.png
24GHz,train,3,Pick,/arc/project/st-zliu-1/heqingz/datasets/domainGenDataset_core_movements/24GHz/Pick/01070029_1574627704_Spec.png
24GHz,train,3,Pick,/arc/project/st-zliu-1/heqingz/datasets/domainGenDataset_core_movements/24GHz/Pick/01070030_1574194468_Spec.png
24GHz,train,3,Pick,/arc/project/st-zliu-1/heqingz/datasets/domainGenDataset_core_movements/24GHz/Pick/01070030_1574194444_Spec.png
24GHz,train,3,Pick,/arc/project/st-zliu-1/heqingz/datasets/domainGenDataset_core_movements/24GHz/Pick/01070029_1574115399_Spec.png
24GHz,train,3,Pick,/arc/project/st-zliu-1/heqingz/datasets/domainGenDataset_core_movements/24GHz/Pick/01070030_1574194488_Spec.png
24GHz,train,3,Pick,/arc/project/st-zliu-1/heqingz/datasets/domainGenDataset_core_movements/24GHz/Pick/01070030_1574457253_Spec.png
24GHz,train,3,Pick,/arc/project/st-zliu-1/heqingz/datasets/domainGenDataset_core_movements/24GHz/Pick/01070014_1574696535_Spec.png
24GHz,train,3,Pick,/arc/project/st-zliu-1/heqingz/datasets/domainGenDataset_core_movements/24GHz/Pick/01070029_1574627388_Spec.png
24GHz,train,3,Pick,/arc/project/st-zliu-1/heqingz/datasets/domainGenDataset_core_movements/24GHz/Pick/01070029_1574115178_Spec.png
24GHz,train,3,Pick,/arc/project/st-zliu-1/heqingz/datasets/domainGenDataset_core_movements/24GHz/Pick/01070029_1574627723_Spec.png
24GHz,train,3,Pick,/arc/project/st-zliu-1/heqingz/datasets/domainGenDataset_core_movements/24GHz/Pick/01070029_1574115158_Spec.png
24GHz,train,3,Pick,/arc/project/st-zliu-1/heqingz/datasets/domainGenDataset_core_movements/24GHz/Pick/01070030_1574457231_Spec.png
24GHz,train,3,Pick,/arc/project/st-zliu-1/heqingz/datasets/domainGenDataset_core_movements/24GHz/Pick/01070014_1574696688_Spec.png
24GHz,train,3,Pick,/arc/project/st-zliu-1/heqingz/datasets/domainGenDataset_core_movements/24GHz/Pick/01070010_1573837622_Spec.png
24GHz,train,3,Pick,/arc/project/st-zliu-1/heqingz/datasets/domainGenDataset_core_movements/24GHz/Pick/01070010_1573837456_Spec.png
24GHz,train,3,Pick,/arc/project/st-zliu-1/heqingz/datasets/domainGenDataset_core_movements/24GHz/Pick/01070014_1574696560_Spec.png
24GHz,train,3,Pick,/arc/project/st-zliu-1/heqingz/datasets/domainGenDataset_core_movements/24GHz/Pick/01070030_1574457212_Spec.png
24GHz,train,3,Pick,/arc/project/st-zliu-1/heqingz/datasets/domainGenDataset_core_movements/24GHz/Pick/01070030_1574194547_Spec.png
24GHz,train,3,Pick,/arc/project/st-zliu-1/heqingz/datasets/domainGenDataset_core_movements/24GHz/Pick/01070029_1574627347_Spec.png
24GHz,train,3,Pick,/arc/project/st-zliu-1/heqingz/datasets/domainGenDataset_core_movements/24GHz/Pick/01070030_1574457294_Spec.png
24GHz,train,3,Pick,/arc/project/st-zliu-1/heqingz/datasets/domainGenDataset_core_movements/24GHz/Pick/01070010_1573837435_Spec.png
24GHz,train,3,Pick,/arc/project/st-zliu-1/heqingz/datasets/domainGenDataset_core_movements/24GHz/Pick/01070014_1574696638_Spec.png
24GHz,train,3,Pick,/arc/project/st-zliu-1/heqingz/datasets/domainGenDataset_core_movements/24GHz/Pick/01070029_1574627633_Spec.png
24GHz,train,3,Pick,/arc/project/st-zliu-1/heqingz/datasets/domainGenDataset_core_movements/24GHz/Pick/01070029_1574627762_Spec.png
24GHz,train,3,Pick,/arc/project/st-zliu-1/heqingz/datasets/domainGenDataset_core_movements/24GHz/Pick/01070030_1574457190_Spec.png
24GHz,train,3,Pick,/arc/project/st-zliu-1/heqingz/datasets/domainGenDataset_core_movements/24GHz/Pick/01070029_1574627743_Spec.png
24GHz,train,3,Pick,/arc/project/st-zliu-1/heqingz/datasets/domainGenDataset_core_movements/24GHz/Pick/01070010_1573837478_Spec.png
24GHz,train,3,Pick,/arc/project/st-zliu-1/heqingz/datasets/domainGenDataset_core_movements/24GHz/Pick/01070029_1574627323_Spec.png
24GHz,train,3,Pick,/arc/project/st-zliu-1/heqingz/datasets/domainGenDataset_core_movements/24GHz/Pick/01070014_1574696667_Spec.png
24GHz,train,3,Pick,/arc/project/st-zliu-1/heqingz/datasets/domainGenDataset_core_movements/24GHz/Pick/01070030_1574194424_Spec.png
24GHz,train,3,Pick,/arc/project/st-zliu-1/heqingz/datasets/domainGenDataset_core_movements/24GHz/Pick/01070029_1574627368_Spec.png
24GHz,train,3,Pick,/arc/project/st-zliu-1/heqingz/datasets/domainGenDataset_core_movements/24GHz/Pick/01070010_1573837593_Spec.png
24GHz,train,3,Pick,/arc/project/st-zliu-1/heqingz/datasets/domainGenDataset_core_movements/24GHz/Pick/01070029_1574115220_Spec.png
24GHz,val,3,Pick,/arc/project/st-zliu-1/heqingz/datasets/domainGenDataset_core_movements/24GHz/Pick/01070029_1574115300_Spec.png
24GHz,val,3,Pick,/arc/project/st-zliu-1/heqingz/datasets/domainGenDataset_core_movements/24GHz/Pick/01070030_1574457335_Spec.png
24GHz,val,3,Pick,/arc/project/st-zliu-1/heqingz/datasets/domainGenDataset_core_movements/24GHz/Pick/01070030_1574194508_Spec.png
24GHz,val,3,Pick,/arc/project/st-zliu-1/heqingz/datasets/domainGenDataset_core_movements/24GHz/Pick/01070014_1574696706_Spec.png
24GHz,val,3,Pick,/arc/project/st-zliu-1/heqingz/datasets/domainGenDataset_core_movements/24GHz/Pick/01070010_1573837502_Spec.png
24GHz,val,3,Pick,/arc/project/st-zliu-1/heqingz/datasets/domainGenDataset_core_movements/24GHz/Pick/01070029_1574115281_Spec.png
24GHz,test,3,Pick,/arc/project/st-zliu-1/heqingz/datasets/domainGenDataset_core_movements/24GHz/Pick/01070014_1574696589_Spec.png
24GHz,test,3,Pick,/arc/project/st-zliu-1/heqingz/datasets/domainGenDataset_core_movements/24GHz/Pick/01070029_1574627654_Spec.png
24GHz,test,3,Pick,/arc/project/st-zliu-1/heqingz/datasets/domainGenDataset_core_movements/24GHz/Pick/01070010_1573837641_Spec.png
24GHz,test,3,Pick,/arc/project/st-zliu-1/heqingz/datasets/domainGenDataset_core_movements/24GHz/Pick/01070030_1574457315_Spec.png
24GHz,test,3,Pick,/arc/project/st-zliu-1/heqingz/datasets/domainGenDataset_core_movements/24GHz/Pick/01070030_1574457169_Spec.png
24GHz,test,3,Pick,/arc/project/st-zliu-1/heqingz/datasets/domainGenDataset_core_movements/24GHz/Pick/01070030_1574457946_Spec.png
24GHz,test,3,Pick,/arc/project/st-zliu-1/heqingz/datasets/domainGenDataset_core_movements/24GHz/Pick/01070014_1574696618_Spec.png
24GHz,test,3,Pick,/arc/project/st-zliu-1/heqingz/datasets/domainGenDataset_core_movements/24GHz/Pick/01070029_1574115263_Spec.png
24GHz,test,3,Pick,/arc/project/st-zliu-1/heqingz/datasets/domainGenDataset_core_movements/24GHz/Pick/01070030_1574457274_Spec.png
24GHz,test,3,Pick,/arc/project/st-zliu-1/heqingz/datasets/domainGenDataset_core_movements/24GHz/Pick/01070010_1573837573_Spec.png
24GHz,test,3,Pick,/arc/project/st-zliu-1/heqingz/datasets/domainGenDataset_core_movements/24GHz/Pick/01070030_1574194528_Spec.png
24GHz,test,3,Pick,/arc/project/st-zliu-1/heqingz/datasets/domainGenDataset_core_movements/24GHz/Pick/01070014_1574696727_Spec.png
24GHz,train,4,Sit,/arc/project/st-zliu-1/heqingz/datasets/domainGenDataset_core_movements/24GHz/Sit/bsit15_DS.png
24GHz,train,4,Sit,/arc/project/st-zliu-1/heqingz/datasets/domainGenDataset_core_movements/24GHz/Sit/zsit14_DS.png
24GHz,train,4,Sit,/arc/project/st-zliu-1/heqingz/datasets/domainGenDataset_core_movements/24GHz/Sit/01090029_1574628461_Spec.png
24GHz,train,4,Sit,/arc/project/st-zliu-1/heqingz/datasets/domainGenDataset_core_movements/24GHz/Sit/sit11_DS.png
24GHz,train,4,Sit,/arc/project/st-zliu-1/heqingz/datasets/domainGenDataset_core_movements/24GHz/Sit/bsit11_DS.png
24GHz,train,4,Sit,/arc/project/st-zliu-1/heqingz/datasets/domainGenDataset_core_movements/24GHz/Sit/sit27_DS.png
24GHz,train,4,Sit,/arc/project/st-zliu-1/heqingz/datasets/domainGenDataset_core_movements/24GHz/Sit/01090029_1574628440_Spec.png
24GHz,train,4,Sit,/arc/project/st-zliu-1/heqingz/datasets/domainGenDataset_core_movements/24GHz/Sit/hsit11_DS.png
24GHz,train,4,Sit,/arc/project/st-zliu-1/heqingz/datasets/domainGenDataset_core_movements/24GHz/Sit/01090014_1574697993_Spec.png
24GHz,train,4,Sit,/arc/project/st-zliu-1/heqingz/datasets/domainGenDataset_core_movements/24GHz/Sit/01090029_1574115842_Spec.png
24GHz,train,4,Sit,/arc/project/st-zliu-1/heqingz/datasets/domainGenDataset_core_movements/24GHz/Sit/sit19_DS.png
24GHz,train,4,Sit,/arc/project/st-zliu-1/heqingz/datasets/domainGenDataset_core_movements/24GHz/Sit/01090030_1574458803_Spec.png
24GHz,train,4,Sit,/arc/project/st-zliu-1/heqingz/datasets/domainGenDataset_core_movements/24GHz/Sit/situp4_DS.png
24GHz,train,4,Sit,/arc/project/st-zliu-1/heqingz/datasets/domainGenDataset_core_movements/24GHz/Sit/01090029_1574115823_Spec.png
24GHz,train,4,Sit,/arc/project/st-zliu-1/heqingz/datasets/domainGenDataset_core_movements/24GHz/Sit/01090029_1574115706_Spec.png
24GHz,train,4,Sit,/arc/project/st-zliu-1/heqingz/datasets/domainGenDataset_core_movements/24GHz/Sit/sitdown14_DS.png
24GHz,train,4,Sit,/arc/project/st-zliu-1/heqingz/datasets/domainGenDataset_core_movements/24GHz/Sit/zsit3_DS.png
24GHz,train,4,Sit,/arc/project/st-zliu-1/heqingz/datasets/domainGenDataset_core_movements/24GHz/Sit/hsit2_DS.png
24GHz,train,4,Sit,/arc/project/st-zliu-1/heqingz/datasets/domainGenDataset_core_movements/24GHz/Sit/zsit4_DS.png
24GHz,train,4,Sit,/arc/project/st-zliu-1/heqingz/datasets/domainGenDataset_core_movements/24GHz/Sit/hsit9_DS.png
24GHz,train,4,Sit,/arc/project/st-zliu-1/heqingz/datasets/domainGenDataset_core_movements/24GHz/Sit/zsit11_DS.png
24GHz,train,4,Sit,/arc/project/st-zliu-1/heqingz/datasets/domainGenDataset_core_movements/24GHz/Sit/sit18_DS.png
24GHz,train,4,Sit,/arc/project/st-zliu-1/heqingz/datasets/domainGenDataset_core_movements/24GHz/Sit/bsit7_DS.png
24GHz,train,4,Sit,/arc/project/st-zliu-1/heqingz/datasets/domainGenDataset_core_movements/24GHz/Sit/msit7_DS.png
24GHz,train,4,Sit,/arc/project/st-zliu-1/heqingz/datasets/domainGenDataset_core_movements/24GHz/Sit/01090014_1574697936_Spec.png
24GHz,train,4,Sit,/arc/project/st-zliu-1/heqingz/datasets/domainGenDataset_core_movements/24GHz/Sit/sitdown1_DS.png
24GHz,train,4,Sit,/arc/project/st-zliu-1/heqingz/datasets/domainGenDataset_core_movements/24GHz/Sit/sit14_DS.png
24GHz,train,4,Sit,/arc/project/st-zliu-1/heqingz/datasets/domainGenDataset_core_movements/24GHz/Sit/01090030_1574458785_Spec.png
24GHz,train,4,Sit,/arc/project/st-zliu-1/heqingz/datasets/domainGenDataset_core_movements/24GHz/Sit/bsit13_DS.png
24GHz,train,4,Sit,/arc/project/st-zliu-1/heqingz/datasets/domainGenDataset_core_movements/24GHz/Sit/situp12_DS.png
24GHz,train,4,Sit,/arc/project/st-zliu-1/heqingz/datasets/domainGenDataset_core_movements/24GHz/Sit/bsit3_DS.png
24GHz,train,4,Sit,/arc/project/st-zliu-1/heqingz/datasets/domainGenDataset_core_movements/24GHz/Sit/bsit8_DS.png
24GHz,train,4,Sit,/arc/project/st-zliu-1/heqingz/datasets/domainGenDataset_core_movements/24GHz/Sit/01090030_1574458265_Spec.png
24GHz,train,4,Sit,/arc/project/st-zliu-1/heqingz/datasets/domainGenDataset_core_movements/24GHz/Sit/zsit10_DS.png
24GHz,train,4,Sit,/arc/project/st-zliu-1/heqingz/datasets/domainGenDataset_core_movements/24GHz/Sit/01090030_1574195274_Spec.png
24GHz,train,4,Sit,/arc/project/st-zliu-1/heqingz/datasets/domainGenDataset_core_movements/24GHz/Sit/01090029_1574115666_Spec.png
24GHz,train,4,Sit,/arc/project/st-zliu-1/heqingz/datasets/domainGenDataset_core_movements/24GHz/Sit/sit6_DS.png
24GHz,train,4,Sit,/arc/project/st-zliu-1/heqingz/datasets/domainGenDataset_core_movements/24GHz/Sit/01090030_1574195391_Spec.png
24GHz,train,4,Sit,/arc/project/st-zliu-1/heqingz/datasets/domainGenDataset_core_movements/24GHz/Sit/sit7_DS.png
24GHz,train,4,Sit,/arc/project/st-zliu-1/heqingz/datasets/domainGenDataset_core_movements/24GHz/Sit/sit30_DS.png
24GHz,train,4,Sit,/arc/project/st-zliu-1/heqingz/datasets/domainGenDataset_core_movements/24GHz/Sit/01090014_1574697390_Spec.png
24GHz,train,4,Sit,/arc/project/st-zliu-1/heqingz/datasets/domainGenDataset_core_movements/24GHz/Sit/hsit3_DS.png
24GHz,train,4,Sit,/arc/project/st-zliu-1/heqingz/datasets/domainGenDataset_core_movements/24GHz/Sit/01090010_1573838127_Spec.png
24GHz,train,4,Sit,/arc/project/st-zliu-1/heqingz/datasets/domainGenDataset_core_movements/24GHz/Sit/01090029_1574628343_Spec.png
24GHz,train,4,Sit,/arc/project/st-zliu-1/heqingz/datasets/domainGenDataset_core_movements/24GHz/Sit/01090014_1574697038_Spec.png
24GHz,train,4,Sit,/arc/project/st-zliu-1/heqingz/datasets/domainGenDataset_core_movements/24GHz/Sit/01090030_1574195371_Spec.png
24GHz,train,4,Sit,/arc/project/st-zliu-1/heqingz/datasets/domainGenDataset_core_movements/24GHz/Sit/sit4_DS.png
24GHz,train,4,Sit,/arc/project/st-zliu-1/heqingz/datasets/domainGenDataset_core_movements/24GHz/Sit/01090014_1574697493_Spec.png
24GHz,train,4,Sit,/arc/project/st-zliu-1/heqingz/datasets/domainGenDataset_core_movements/24GHz/Sit/msit1_DS.png
24GHz,train,4,Sit,/arc/project/st-zliu-1/heqingz/datasets/domainGenDataset_core_movements/24GHz/Sit/01090010_1573838334_Spec.png
24GHz,train,4,Sit,/arc/project/st-zliu-1/heqingz/datasets/domainGenDataset_core_movements/24GHz/Sit/bsit9_DS.png
24GHz,train,4,Sit,/arc/project/st-zliu-1/heqingz/datasets/domainGenDataset_core_movements/24GHz/Sit/sitdown11_DS.png
24GHz,train,4,Sit,/arc/project/st-zliu-1/heqingz/datasets/domainGenDataset_core_movements/24GHz/Sit/sit5_DS.png
24GHz,train,4,Sit,/arc/project/st-zliu-1/heqingz/datasets/domainGenDataset_core_movements/24GHz/Sit/01090029_1574628100_Spec.png
24GHz,train,4,Sit,/arc/project/st-zliu-1/heqingz/datasets/domainGenDataset_core_movements/24GHz/Sit/sit21_DS.png
24GHz,train,4,Sit,/arc/project/st-zliu-1/heqingz/datasets/domainGenDataset_core_movements/24GHz/Sit/sitdown12_DS.png
24GHz,train,4,Sit,/arc/project/st-zliu-1/heqingz/datasets/domainGenDataset_core_movements/24GHz/Sit/01090010_1573838030_Spec.png
24GHz,train,4,Sit,/arc/project/st-zliu-1/heqingz/datasets/domainGenDataset_core_movements/24GHz/Sit/zsit5_DS.png
24GHz,train,4,Sit,/arc/project/st-zliu-1/heqingz/datasets/domainGenDataset_core_movements/24GHz/Sit/01090014_1574697850_Spec.png
24GHz,train,4,Sit,/arc/project/st-zliu-1/heqingz/datasets/domainGenDataset_core_movements/24GHz/Sit/msit9_DS.png
24GHz,train,4,Sit,/arc/project/st-zliu-1/heqingz/datasets/domainGenDataset_core_movements/24GHz/Sit/01090010_1573838182_Spec.png
24GHz,train,4,Sit,/arc/project/st-zliu-1/heqingz/datasets/domainGenDataset_core_movements/24GHz/Sit/gsit6_DS.png
24GHz,train,4,Sit,/arc/project/st-zliu-1/heqingz/datasets/domainGenDataset_core_movements/24GHz/Sit/sit12_DS.png
24GHz,train,4,Sit,/arc/project/st-zliu-1/heqingz/datasets/domainGenDataset_core_movements/24GHz/Sit/01090030_1574195351_Spec.png
24GHz,train,4,Sit,/arc/project/st-zliu-1/heqingz/datasets/domainGenDataset_core_movements/24GHz/Sit/bsit5_DS.png
24GHz,train,4,Sit,/arc/project/st-zliu-1/heqingz/datasets/domainGenDataset_core_movements/24GHz/Sit/msit4_DS.png
24GHz,train,4,Sit,/arc/project/st-zliu-1/heqingz/datasets/domainGenDataset_core_movements/24GHz/Sit/sit13_DS.png
24GHz,train,4,Sit,/arc/project/st-zliu-1/heqingz/datasets/domainGenDataset_core_movements/24GHz/Sit/hsit14_DS.png
24GHz,train,4,Sit,/arc/project/st-zliu-1/heqingz/datasets/domainGenDataset_core_movements/24GHz/Sit/01090030_1574458301_Spec.png
24GHz,train,4,Sit,/arc/project/st-zliu-1/heqingz/datasets/domainGenDataset_core_movements/24GHz/Sit/zsit18_DS.png
24GHz,train,4,Sit,/arc/project/st-zliu-1/heqingz/datasets/domainGenDataset_core_movements/24GHz/Sit/01090029_1574628180_Spec.png
24GHz,train,4,Sit,/arc/project/st-zliu-1/heqingz/datasets/domainGenDataset_core_movements/24GHz/Sit/sit10_DS.png
24GHz,train,4,Sit,/arc/project/st-zliu-1/heqingz/datasets/domainGenDataset_core_movements/24GHz/Sit/01090029_1574115745_Spec.png
24GHz,train,4,Sit,/arc/project/st-zliu-1/heqingz/datasets/domainGenDataset_core_movements/24GHz/Sit/gsit4_DS.png
24GHz,train,4,Sit,/arc/project/st-zliu-1/heqingz/datasets/domainGenDataset_core_movements/24GHz/Sit/hsit10_DS.png
24GHz,train,4,Sit,/arc/project/st-zliu-1/heqingz/datasets/domainGenDataset_core_movements/24GHz/Sit/zsit15_DS.png
24GHz,train,4,Sit,/arc/project/st-zliu-1/heqingz/datasets/domainGenDataset_core_movements/24GHz/Sit/zsit9_DS.png
24GHz,train,4,Sit,/arc/project/st-zliu-1/heqingz/datasets/domainGenDataset_core_movements/24GHz/Sit/sit26_DS.png
24GHz,train,4,Sit,/arc/project/st-zliu-1/heqingz/datasets/domainGenDataset_core_movements/24GHz/Sit/01090030_1574458226_Spec.png
24GHz,train,4,Sit,/arc/project/st-zliu-1/heqingz/datasets/domainGenDataset_core_movements/24GHz/Sit/01090010_1573837974_Spec.png
24GHz,train,4,Sit,/arc/project/st-zliu-1/heqingz/datasets/domainGenDataset_core_movements/24GHz/Sit/bsit12_DS.png
24GHz,train,4,Sit,/arc/project/st-zliu-1/heqingz/datasets/domainGenDataset_core_movements/24GHz/Sit/01090014_1574696977_Spec.png
24GHz,train,4,Sit,/arc/project/st-zliu-1/heqingz/datasets/domainGenDataset_core_movements/24GHz/Sit/bsit10_DS.png
24GHz,train,4,Sit,/arc/project/st-zliu-1/heqingz/datasets/domainGenDataset_core_movements/24GHz/Sit/hsit12_DS.png
24GHz,train,4,Sit,/arc/project/st-zliu-1/heqingz/datasets/domainGenDataset_core_movements/24GHz/Sit/01090014_1574697955_Spec.png
24GHz,train,4,Sit,/arc/project/st-zliu-1/heqingz/datasets/domainGenDataset_core_movements/24GHz/Sit/situp11_DS.png
24GHz,train,4,Sit,/arc/project/st-zliu-1/heqingz/datasets/domainGenDataset_core_movements/24GHz/Sit/gsit10_DS.png
24GHz,train,4,Sit,/arc/project/st-zliu-1/heqingz/datasets/domainGenDataset_core_movements/24GHz/Sit/situp10_DS.png
24GHz,train,4,Sit,/arc/project/st-zliu-1/heqingz/datasets/domainGenDataset_core_movements/24GHz/Sit/msit10_DS.png
24GHz,train,4,Sit,/arc/project/st-zliu-1/heqingz/datasets/domainGenDataset_core_movements/24GHz/Sit/zsit13_DS.png
24GHz,train,4,Sit,/arc/project/st-zliu-1/heqingz/datasets/domainGenDataset_core_movements/24GHz/Sit/sit28_DS.png
24GHz,train,4,Sit,/arc/project/st-zliu-1/heqingz/datasets/domainGenDataset_core_movements/24GHz/Sit/gsit5_DS.png
24GHz,train,4,Sit,/arc/project/st-zliu-1/heqingz/datasets/domainGenDataset_core_movements/24GHz/Sit/sit3_DS.png
24GHz,train,4,Sit,/arc/project/st-zliu-1/heqingz/datasets/domainGenDataset_core_movements/24GHz/Sit/01090029_1574628246_Spec.png
24GHz,train,4,Sit,/arc/project/st-zliu-1/heqingz/datasets/domainGenDataset_core_movements/24GHz/Sit/sit25_DS.png
24GHz,train,4,Sit,/arc/project/st-zliu-1/heqingz/datasets/domainGenDataset_core_movements/24GHz/Sit/hsit8_DS.png
24GHz,train,4,Sit,/arc/project/st-zliu-1/heqingz/datasets/domainGenDataset_core_movements/24GHz/Sit/01090030_1574195293_Spec.png
24GHz,train,4,Sit,/arc/project/st-zliu-1/heqingz/datasets/domainGenDataset_core_movements/24GHz/Sit/01090010_1573838201_Spec.png
24GHz,train,4,Sit,/arc/project/st-zliu-1/heqingz/datasets/domainGenDataset_core_movements/24GHz/Sit/01090030_1574458188_Spec.png
24GHz,train,4,Sit,/arc/project/st-zliu-1/heqingz/datasets/domainGenDataset_core_movements/24GHz/Sit/situp8_DS.png
24GHz,train,4,Sit,/arc/project/st-zliu-1/heqingz/datasets/domainGenDataset_core_movements/24GHz/Sit/situp3_DS.png
24GHz,train,4,Sit,/arc/project/st-zliu-1/heqingz/datasets/domainGenDataset_core_movements/24GHz/Sit/gsit7_DS.png
24GHz,train,4,Sit,/arc/project/st-zliu-1/heqingz/datasets/domainGenDataset_core_movements/24GHz/Sit/hsit1_DS.png
24GHz,train,4,Sit,/arc/project/st-zliu-1/heqingz/datasets/domainGenDataset_core_movements/24GHz/Sit/01090014_1574697897_Spec.png
24GHz,train,4,Sit,/arc/project/st-zliu-1/heqingz/datasets/domainGenDataset_core_movements/24GHz/Sit/zsit_DS.png
24GHz,train,4,Sit,/arc/project/st-zliu-1/heqingz/datasets/domainGenDataset_core_movements/24GHz/Sit/01090030_1574195332_Spec.png
24GHz,train,4,Sit,/arc/project/st-zliu-1/heqingz/datasets/domainGenDataset_core_movements/24GHz/Sit/01090029_1574628309_Spec.png
24GHz,train,4,Sit,/arc/project/st-zliu-1/heqingz/datasets/domainGenDataset_core_movements/24GHz/Sit/01090030_1574195313_Spec.png
24GHz,train,4,Sit,/arc/project/st-zliu-1/heqingz/datasets/domainGenDataset_core_movements/24GHz/Sit/01090029_1574115686_Spec.png
24GHz,train,4,Sit,/arc/project/st-zliu-1/heqingz/datasets/domainGenDataset_core_movements/24GHz/Sit/01090014_1574697095_Spec.png
24GHz,train,4,Sit,/arc/project/st-zliu-1/heqingz/datasets/domainGenDataset_core_movements/24GHz/Sit/01090030_1574195230_Spec.png
24GHz,train,4,Sit,/arc/project/st-zliu-1/heqingz/datasets/domainGenDataset_core_movements/24GHz/Sit/hsit15_DS.png
24GHz,train,4,Sit,/arc/project/st-zliu-1/heqingz/datasets/domainGenDataset_core_movements/24GHz/Sit/01090029_1574115764_Spec.png
24GHz,train,4,Sit,/arc/project/st-zliu-1/heqingz/datasets/domainGenDataset_core_movements/24GHz/Sit/gsit1_DS.png
24GHz,train,4,Sit,/arc/project/st-zliu-1/heqingz/datasets/domainGenDataset_core_movements/24GHz/Sit/sitdown9_DS.png
24GHz,train,4,Sit,/arc/project/st-zliu-1/heqingz/datasets/domainGenDataset_core_movements/24GHz/Sit/01090010_1573838066_Spec.png
24GHz,train,4,Sit,/arc/project/st-zliu-1/heqingz/datasets/domainGenDataset_core_movements/24GHz/Sit/sit20_DS.png
24GHz,train,4,Sit,/arc/project/st-zliu-1/heqingz/datasets/domainGenDataset_core_movements/24GHz/Sit/01090030_1574458245_Spec.png
24GHz,train,4,Sit,/arc/project/st-zliu-1/heqingz/datasets/domainGenDataset_core_movements/24GHz/Sit/sitdown7_DS.png
24GHz,train,4,Sit,/arc/project/st-zliu-1/heqingz/datasets/domainGenDataset_core_movements/24GHz/Sit/01090029_1574628120_Spec.png
24GHz,train,4,Sit,/arc/project/st-zliu-1/heqingz/datasets/domainGenDataset_core_movements/24GHz/Sit/situp13_DS.png
24GHz,train,4,Sit,/arc/project/st-zliu-1/heqingz/datasets/domainGenDataset_core_movements/24GHz/Sit/sit9_DS.png
24GHz,train,4,Sit,/arc/project/st-zliu-1/heqingz/datasets/domainGenDataset_core_movements/24GHz/Sit/sit17_DS.png
24GHz,train,4,Sit,/arc/project/st-zliu-1/heqingz/datasets/domainGenDataset_core_movements/24GHz/Sit/situp7_DS.png
24GHz,train,4,Sit,/arc/project/st-zliu-1/heqingz/datasets/domainGenDataset_core_movements/24GHz/Sit/situp9_DS.png
24GHz,train,4,Sit,/arc/project/st-zliu-1/heqingz/datasets/domainGenDataset_core_movements/24GHz/Sit/sit23_DS.png
24GHz,train,4,Sit,/arc/project/st-zliu-1/heqingz/datasets/domainGenDataset_core_movements/24GHz/Sit/msit8_DS.png
24GHz,train,4,Sit,/arc/project/st-zliu-1/heqingz/datasets/domainGenDataset_core_movements/24GHz/Sit/zsit6_DS.png
24GHz,train,4,Sit,/arc/project/st-zliu-1/heqingz/datasets/domainGenDataset_core_movements/24GHz/Sit/01090014_1574697974_Spec.png
24GHz,train,4,Sit,/arc/project/st-zliu-1/heqingz/datasets/domainGenDataset_core_movements/24GHz/Sit/sitdown6_DS.png
24GHz,train,4,Sit,/arc/project/st-zliu-1/heqingz/datasets/domainGenDataset_core_movements/24GHz/Sit/sitdown10_DS.png
24GHz,train,4,Sit,/arc/project/st-zliu-1/heqingz/datasets/domainGenDataset_core_movements/24GHz/Sit/msit2_DS.png
24GHz,train,4,Sit,/arc/project/st-zliu-1/heqingz/datasets/domainGenDataset_core_movements/24GHz/Sit/01090014_1574697018_Spec.png
24GHz,train,4,Sit,/arc/project/st-zliu-1/heqingz/datasets/domainGenDataset_core_movements/24GHz/Sit/01090029_1574115726_Spec.png
24GHz,train,4,Sit,/arc/project/st-zliu-1/heqingz/datasets/domainGenDataset_core_movements/24GHz/Sit/01090030_1574458207_Spec.png
24GHz,train,4,Sit,/arc/project/st-zliu-1/heqingz/datasets/domainGenDataset_core_movements/24GHz/Sit/sitdown13_DS.png
24GHz,val,4,Sit,/arc/project/st-zliu-1/heqingz/datasets/domainGenDataset_core_movements/24GHz/Sit/sit29_DS.png
24GHz,val,4,Sit,/arc/project/st-zliu-1/heqingz/datasets/domainGenDataset_core_movements/24GHz/Sit/sitdown2_DS.png
24GHz,val,4,Sit,/arc/project/st-zliu-1/heqingz/datasets/domainGenDataset_core_movements/24GHz/Sit/msit3_DS.png
24GHz,val,4,Sit,/arc/project/st-zliu-1/heqingz/datasets/domainGenDataset_core_movements/24GHz/Sit/01090029_1574628141_Spec.png
24GHz,val,4,Sit,/arc/project/st-zliu-1/heqingz/datasets/domainGenDataset_core_movements/24GHz/Sit/01090029_1574628160_Spec.png
24GHz,val,4,Sit,/arc/project/st-zliu-1/heqingz/datasets/domainGenDataset_core_movements/24GHz/Sit/sit1_DS.png
24GHz,val,4,Sit,/arc/project/st-zliu-1/heqingz/datasets/domainGenDataset_core_movements/24GHz/Sit/01090014_1574697917_Spec.png
24GHz,val,4,Sit,/arc/project/st-zliu-1/heqingz/datasets/domainGenDataset_core_movements/24GHz/Sit/situp1_DS.png
24GHz,val,4,Sit,/arc/project/st-zliu-1/heqingz/datasets/domainGenDataset_core_movements/24GHz/Sit/bsit2_DS.png
24GHz,val,4,Sit,/arc/project/st-zliu-1/heqingz/datasets/domainGenDataset_core_movements/24GHz/Sit/hsit5_DS.png
24GHz,val,4,Sit,/arc/project/st-zliu-1/heqingz/datasets/domainGenDataset_core_movements/24GHz/Sit/sit24_DS.png
24GHz,val,4,Sit,/arc/project/st-zliu-1/heqingz/datasets/domainGenDataset_core_movements/24GHz/Sit/01090014_1574697076_Spec.png
24GHz,val,4,Sit,/arc/project/st-zliu-1/heqingz/datasets/domainGenDataset_core_movements/24GHz/Sit/bsit4_DS.png
24GHz,val,4,Sit,/arc/project/st-zliu-1/heqingz/datasets/domainGenDataset_core_movements/24GHz/Sit/situp14_DS.png
24GHz,val,4,Sit,/arc/project/st-zliu-1/heqingz/datasets/domainGenDataset_core_movements/24GHz/Sit/sit2_DS.png
24GHz,val,4,Sit,/arc/project/st-zliu-1/heqingz/datasets/domainGenDataset_core_movements/24GHz/Sit/sit22_DS.png
24GHz,val,4,Sit,/arc/project/st-zliu-1/heqingz/datasets/domainGenDataset_core_movements/24GHz/Sit/01090010_1573838086_Spec.png
24GHz,val,4,Sit,/arc/project/st-zliu-1/heqingz/datasets/domainGenDataset_core_movements/24GHz/Sit/sitdown8_DS.png
24GHz,val,4,Sit,/arc/project/st-zliu-1/heqingz/datasets/domainGenDataset_core_movements/24GHz/Sit/situp5_DS.png
24GHz,val,4,Sit,/arc/project/st-zliu-1/heqingz/datasets/domainGenDataset_core_movements/24GHz/Sit/bsit6_DS.png
24GHz,test,4,Sit,/arc/project/st-zliu-1/heqingz/datasets/domainGenDataset_core_movements/24GHz/Sit/01090014_1574696998_Spec.png
24GHz,test,4,Sit,/arc/project/st-zliu-1/heqingz/datasets/domainGenDataset_core_movements/24GHz/Sit/sit8_DS.png
24GHz,test,4,Sit,/arc/project/st-zliu-1/heqingz/datasets/domainGenDataset_core_movements/24GHz/Sit/01090029_1574115803_Spec.png
24GHz,test,4,Sit,/arc/project/st-zliu-1/heqingz/datasets/domainGenDataset_core_movements/24GHz/Sit/situp6_DS.png
24GHz,test,4,Sit,/arc/project/st-zliu-1/heqingz/datasets/domainGenDataset_core_movements/24GHz/Sit/01090010_1573837993_Spec.png
24GHz,test,4,Sit,/arc/project/st-zliu-1/heqingz/datasets/domainGenDataset_core_movements/24GHz/Sit/bsit14_DS.png
24GHz,test,4,Sit,/arc/project/st-zliu-1/heqingz/datasets/domainGenDataset_core_movements/24GHz/Sit/sitdown3_DS.png
24GHz,test,4,Sit,/arc/project/st-zliu-1/heqingz/datasets/domainGenDataset_core_movements/24GHz/Sit/zsit7_DS.png
24GHz,test,4,Sit,/arc/project/st-zliu-1/heqingz/datasets/domainGenDataset_core_movements/24GHz/Sit/01090030_1574195254_Spec.png
24GHz,test,4,Sit,/arc/project/st-zliu-1/heqingz/datasets/domainGenDataset_core_movements/24GHz/Sit/zsit16_DS.png
24GHz,test,4,Sit,/arc/project/st-zliu-1/heqingz/datasets/domainGenDataset_core_movements/24GHz/Sit/zsit20_DS.png
24GHz,test,4,Sit,/arc/project/st-zliu-1/heqingz/datasets/domainGenDataset_core_movements/24GHz/Sit/sitdown15_DS.png
24GHz,test,4,Sit,/arc/project/st-zliu-1/heqingz/datasets/domainGenDataset_core_movements/24GHz/Sit/hsit6_DS.png
24GHz,test,4,Sit,/arc/project/st-zliu-1/heqingz/datasets/domainGenDataset_core_movements/24GHz/Sit/01090030_1574458283_Spec.png
24GHz,test,4,Sit,/arc/project/st-zliu-1/heqingz/datasets/domainGenDataset_core_movements/24GHz/Sit/hsit13_DS.png
24GHz,test,4,Sit,/arc/project/st-zliu-1/heqingz/datasets/domainGenDataset_core_movements/24GHz/Sit/zsit2_DS.png
24GHz,test,4,Sit,/arc/project/st-zliu-1/heqingz/datasets/domainGenDataset_core_movements/24GHz/Sit/gsit2_DS.png
24GHz,test,4,Sit,/arc/project/st-zliu-1/heqingz/datasets/domainGenDataset_core_movements/24GHz/Sit/zsit19_DS.png
24GHz,test,4,Sit,/arc/project/st-zliu-1/heqingz/datasets/domainGenDataset_core_movements/24GHz/Sit/bsit1_DS.png
24GHz,test,4,Sit,/arc/project/st-zliu-1/heqingz/datasets/domainGenDataset_core_movements/24GHz/Sit/zsit17_DS.png
24GHz,test,4,Sit,/arc/project/st-zliu-1/heqingz/datasets/domainGenDataset_core_movements/24GHz/Sit/gsit9_DS.png
24GHz,test,4,Sit,/arc/project/st-zliu-1/heqingz/datasets/domainGenDataset_core_movements/24GHz/Sit/gsit3_DS.png
24GHz,test,4,Sit,/arc/project/st-zliu-1/heqingz/datasets/domainGenDataset_core_movements/24GHz/Sit/sitdown5_DS.png
24GHz,test,4,Sit,/arc/project/st-zliu-1/heqingz/datasets/domainGenDataset_core_movements/24GHz/Sit/01090029_1574115784_Spec.png
24GHz,test,4,Sit,/arc/project/st-zliu-1/heqingz/datasets/domainGenDataset_core_movements/24GHz/Sit/gsit8_DS.png
24GHz,test,4,Sit,/arc/project/st-zliu-1/heqingz/datasets/domainGenDataset_core_movements/24GHz/Sit/msit5_DS.png
24GHz,test,4,Sit,/arc/project/st-zliu-1/heqingz/datasets/domainGenDataset_core_movements/24GHz/Sit/01090010_1573838157_Spec.png
24GHz,test,4,Sit,/arc/project/st-zliu-1/heqingz/datasets/domainGenDataset_core_movements/24GHz/Sit/01090014_1574697058_Spec.png
24GHz,test,4,Sit,/arc/project/st-zliu-1/heqingz/datasets/domainGenDataset_core_movements/24GHz/Sit/sit16_DS.png
24GHz,test,4,Sit,/arc/project/st-zliu-1/heqingz/datasets/domainGenDataset_core_movements/24GHz/Sit/zsit8_DS.png
24GHz,test,4,Sit,/arc/project/st-zliu-1/heqingz/datasets/domainGenDataset_core_movements/24GHz/Sit/01090014_1574697454_Spec.png
24GHz,test,4,Sit,/arc/project/st-zliu-1/heqingz/datasets/domainGenDataset_core_movements/24GHz/Sit/sitdown4_DS.png
24GHz,test,4,Sit,/arc/project/st-zliu-1/heqingz/datasets/domainGenDataset_core_movements/24GHz/Sit/zsit12_DS.png
24GHz,test,4,Sit,/arc/project/st-zliu-1/heqingz/datasets/domainGenDataset_core_movements/24GHz/Sit/situp15_DS.png
24GHz,test,4,Sit,/arc/project/st-zliu-1/heqingz/datasets/domainGenDataset_core_movements/24GHz/Sit/situp2_DS.png
24GHz,test,4,Sit,/arc/project/st-zliu-1/heqingz/datasets/domainGenDataset_core_movements/24GHz/Sit/hsit4_DS.png
24GHz,test,4,Sit,/arc/project/st-zliu-1/heqingz/datasets/domainGenDataset_core_movements/24GHz/Sit/msit6_DS.png
24GHz,test,4,Sit,/arc/project/st-zliu-1/heqingz/datasets/domainGenDataset_core_movements/24GHz/Sit/hsit7_DS.png
24GHz,test,4,Sit,/arc/project/st-zliu-1/heqingz/datasets/domainGenDataset_core_movements/24GHz/Sit/sit15_DS.png
24GHz,train,5,Towards,/arc/project/st-zliu-1/heqingz/datasets/domainGenDataset_core_movements/24GHz/Towards/01050029_1574626039_Spec.png
24GHz,train,5,Towards,/arc/project/st-zliu-1/heqingz/datasets/domainGenDataset_core_movements/24GHz/Towards/01050029_1574626331_Spec.png
24GHz,train,5,Towards,/arc/project/st-zliu-1/heqingz/datasets/domainGenDataset_core_movements/24GHz/Towards/01050010_1573836889_Spec.png
24GHz,train,5,Towards,/arc/project/st-zliu-1/heqingz/datasets/domainGenDataset_core_movements/24GHz/Towards/01050030_1574193984_Spec.png
24GHz,train,5,Towards,/arc/project/st-zliu-1/heqingz/datasets/domainGenDataset_core_movements/24GHz/Towards/01050029_1574626392_Spec.png
24GHz,train,5,Towards,/arc/project/st-zliu-1/heqingz/datasets/domainGenDataset_core_movements/24GHz/Towards/01050029_1574114529_Spec.png
24GHz,train,5,Towards,/arc/project/st-zliu-1/heqingz/datasets/domainGenDataset_core_movements/24GHz/Towards/01050029_1574114588_Spec.png
24GHz,train,5,Towards,/arc/project/st-zliu-1/heqingz/datasets/domainGenDataset_core_movements/24GHz/Towards/01050030_1574193843_Spec.png
24GHz,train,5,Towards,/arc/project/st-zliu-1/heqingz/datasets/domainGenDataset_core_movements/24GHz/Towards/01050029_1574626109_Spec.png
24GHz,train,5,Towards,/arc/project/st-zliu-1/heqingz/datasets/domainGenDataset_core_movements/24GHz/Towards/01050029_1574114240_Spec.png
24GHz,train,5,Towards,/arc/project/st-zliu-1/heqingz/datasets/domainGenDataset_core_movements/24GHz/Towards/01050029_1574114625_Spec.png
24GHz,train,5,Towards,/arc/project/st-zliu-1/heqingz/datasets/domainGenDataset_core_movements/24GHz/Towards/01000000_1574696201_Spec.png
24GHz,train,5,Towards,/arc/project/st-zliu-1/heqingz/datasets/domainGenDataset_core_movements/24GHz/Towards/01050030_1574456884_Spec.png
24GHz,train,5,Towards,/arc/project/st-zliu-1/heqingz/datasets/domainGenDataset_core_movements/24GHz/Towards/01050010_1573837067_Spec.png
24GHz,train,5,Towards,/arc/project/st-zliu-1/heqingz/datasets/domainGenDataset_core_movements/24GHz/Towards/01050030_1574456646_Spec.png
24GHz,train,5,Towards,/arc/project/st-zliu-1/heqingz/datasets/domainGenDataset_core_movements/24GHz/Towards/01050030_1574456859_Spec.png
24GHz,train,5,Towards,/arc/project/st-zliu-1/heqingz/datasets/domainGenDataset_core_movements/24GHz/Towards/01000000_1574696243_Spec.png
24GHz,train,5,Towards,/arc/project/st-zliu-1/heqingz/datasets/domainGenDataset_core_movements/24GHz/Towards/01000000_1574696114_Spec.png
24GHz,train,5,Towards,/arc/project/st-zliu-1/heqingz/datasets/domainGenDataset_core_movements/24GHz/Towards/01050030_1574456771_Spec.png
24GHz,train,5,Towards,/arc/project/st-zliu-1/heqingz/datasets/domainGenDataset_core_movements/24GHz/Towards/01000000_1574696280_Spec.png
24GHz,train,5,Towards,/arc/project/st-zliu-1/heqingz/datasets/domainGenDataset_core_movements/24GHz/Towards/01050030_1574456812_Spec.png
24GHz,train,5,Towards,/arc/project/st-zliu-1/heqingz/datasets/domainGenDataset_core_movements/24GHz/Towards/01050010_1573836980_Spec.png
24GHz,train,5,Towards,/arc/project/st-zliu-1/heqingz/datasets/domainGenDataset_core_movements/24GHz/Towards/01050030_1574456747_Spec.png
24GHz,train,5,Towards,/arc/project/st-zliu-1/heqingz/datasets/domainGenDataset_core_movements/24GHz/Towards/01000000_1574696136_Spec.png
24GHz,train,5,Towards,/arc/project/st-zliu-1/heqingz/datasets/domainGenDataset_core_movements/24GHz/Towards/01050010_1573836957_Spec.png
24GHz,train,5,Towards,/arc/project/st-zliu-1/heqingz/datasets/domainGenDataset_core_movements/24GHz/Towards/01050010_1573837002_Spec.png
24GHz,train,5,Towards,/arc/project/st-zliu-1/heqingz/datasets/domainGenDataset_core_movements/24GHz/Towards/01050030_1574194145_Spec.png
24GHz,train,5,Towards,/arc/project/st-zliu-1/heqingz/datasets/domainGenDataset_core_movements/24GHz/Towards/01050010_1573836864_Spec.png
24GHz,train,5,Towards,/arc/project/st-zliu-1/heqingz/datasets/domainGenDataset_core_movements/24GHz/Towards/01050030_1574456596_Spec.png
24GHz,train,5,Towards,/arc/project/st-zliu-1/heqingz/datasets/domainGenDataset_core_movements/24GHz/Towards/01050029_1574626164_Spec.png
24GHz,train,5,Towards,/arc/project/st-zliu-1/heqingz/datasets/domainGenDataset_core_movements/24GHz/Towards/01050030_1574194013_Spec.png
24GHz,train,5,Towards,/arc/project/st-zliu-1/heqingz/datasets/domainGenDataset_core_movements/24GHz/Towards/01050030_1574194043_Spec.png
24GHz,train,5,Towards,/arc/project/st-zliu-1/heqingz/datasets/domainGenDataset_core_movements/24GHz/Towards/01050030_1574456906_Spec.png
24GHz,train,5,Towards,/arc/project/st-zliu-1/heqingz/datasets/domainGenDataset_core_movements/24GHz/Towards/01050010_1573837045_Spec.png
24GHz,train,5,Towards,/arc/project/st-zliu-1/heqingz/datasets/domainGenDataset_core_movements/24GHz/Towards/01050010_1573836822_Spec.png
24GHz,train,5,Towards,/arc/project/st-zliu-1/heqingz/datasets/domainGenDataset_core_movements/24GHz/Towards/01050029_1574626372_Spec.png
24GHz,train,5,Towards,/arc/project/st-zliu-1/heqingz/datasets/domainGenDataset_core_movements/24GHz/Towards/01050029_1574626210_Spec.png
24GHz,train,5,Towards,/arc/project/st-zliu-1/heqingz/datasets/domainGenDataset_core_movements/24GHz/Towards/01050010_1573836925_Spec.png
24GHz,train,5,Towards,/arc/project/st-zliu-1/heqingz/datasets/domainGenDataset_core_movements/24GHz/Towards/01050030_1574194068_Spec.png
24GHz,train,5,Towards,/arc/project/st-zliu-1/heqingz/datasets/domainGenDataset_core_movements/24GHz/Towards/01050029_1574114550_Spec.png
24GHz,train,5,Towards,/arc/project/st-zliu-1/heqingz/datasets/domainGenDataset_core_movements/24GHz/Towards/01050029_1574114294_Spec.png
24GHz,train,5,Towards,/arc/project/st-zliu-1/heqingz/datasets/domainGenDataset_core_movements/24GHz/Towards/01000000_1574696180_Spec.png
24GHz,val,5,Towards,/arc/project/st-zliu-1/heqingz/datasets/domainGenDataset_core_movements/24GHz/Towards/01000000_1574696222_Spec.png
24GHz,val,5,Towards,/arc/project/st-zliu-1/heqingz/datasets/domainGenDataset_core_movements/24GHz/Towards/01050029_1574626307_Spec.png
24GHz,val,5,Towards,/arc/project/st-zliu-1/heqingz/datasets/domainGenDataset_core_movements/24GHz/Towards/01050030_1574193880_Spec.png
24GHz,val,5,Towards,/arc/project/st-zliu-1/heqingz/datasets/domainGenDataset_core_movements/24GHz/Towards/01000000_1574696159_Spec.png
24GHz,val,5,Towards,/arc/project/st-zliu-1/heqingz/datasets/domainGenDataset_core_movements/24GHz/Towards/01000000_1574696261_Spec.png
24GHz,val,5,Towards,/arc/project/st-zliu-1/heqingz/datasets/domainGenDataset_core_movements/24GHz/Towards/01050010_1573837024_Spec.png
24GHz,test,5,Towards,/arc/project/st-zliu-1/heqingz/datasets/domainGenDataset_core_movements/24GHz/Towards/01050029_1574626078_Spec.png
24GHz,test,5,Towards,/arc/project/st-zliu-1/heqingz/datasets/domainGenDataset_core_movements/24GHz/Towards/01050030_1574193902_Spec.png
24GHz,test,5,Towards,/arc/project/st-zliu-1/heqingz/datasets/domainGenDataset_core_movements/24GHz/Towards/01050029_1574626188_Spec.png
24GHz,test,5,Towards,/arc/project/st-zliu-1/heqingz/datasets/domainGenDataset_core_movements/24GHz/Towards/01050030_1574456705_Spec.png
24GHz,test,5,Towards,/arc/project/st-zliu-1/heqingz/datasets/domainGenDataset_core_movements/24GHz/Towards/01050030_1574456837_Spec.png
24GHz,test,5,Towards,/arc/project/st-zliu-1/heqingz/datasets/domainGenDataset_core_movements/24GHz/Towards/01050014_1574695845_Spec.png
24GHz,test,5,Towards,/arc/project/st-zliu-1/heqingz/datasets/domainGenDataset_core_movements/24GHz/Towards/01050030_1574193925_Spec.png
24GHz,test,5,Towards,/arc/project/st-zliu-1/heqingz/datasets/domainGenDataset_core_movements/24GHz/Towards/01050029_1574114569_Spec.png
24GHz,test,5,Towards,/arc/project/st-zliu-1/heqingz/datasets/domainGenDataset_core_movements/24GHz/Towards/01050029_1574114447_Spec.png
24GHz,test,5,Towards,/arc/project/st-zliu-1/heqingz/datasets/domainGenDataset_core_movements/24GHz/Towards/01050029_1574114606_Spec.png
24GHz,test,5,Towards,/arc/project/st-zliu-1/heqingz/datasets/domainGenDataset_core_movements/24GHz/Towards/01050029_1574114268_Spec.png
24GHz,test,5,Towards,/arc/project/st-zliu-1/heqingz/datasets/domainGenDataset_core_movements/24GHz/Towards/01050030_1574193946_Spec.png
